SlowK,SlowD,RSI,MACD_Signal,MACD,MACD_Hist,EMA,CCI,Aroon Down,Aroon Up,1. open,2. high,3. low,4. close,5. volume,Trend label
59.0634,38.893,41.4298,0.7642,-1.2134,-1.9776,49.5788,-39.5377,50.0,0.0,45.41,46.12,44.85,45.67,136848.0,1
36.4495,24.9387,40.4072,1.2586,-0.99,-2.2487,50.1372,-59.7685,60.0,10.0,44.36,45.49,43.0401,45.18,506725.0,1
21.1659,18.4467,38.1872,1.8208,-0.6406,-2.4614,50.8454,-78.2964,70.0,20.0,45.49,46.0,42.6,44.06,652603.0,-1
17.2008,21.017,39.1362,2.4362,-0.0713,-2.5075,51.8147,-99.8613,80.0,0.0,43.53,45.535,43.07,44.87,942670.0,1
16.9735,31.3582,35.5787,3.063,0.5739,-2.4891,52.8068,-167.3455,90.0,10.0,42.05,44.25,40.502,42.87,1145263.0,1
28.8767,46.536,35.3576,3.6853,1.5927,-2.0926,54.2264,-255.1063,100.0,0.0,48.5,48.59,40.085,42.74,1742626.0,-1
48.2244,59.3029,45.5499,4.2085,2.8831,-1.3253,55.8673,-190.661,10.0,0.0,55.8,55.8,49.52,52.16,840473.0,-1
62.5071,64.3677,50.0732,4.5398,3.5292,-1.0106,56.3969,-22.3463,20.0,0.0,57.57,59.9,55.35,55.44,506538.0,-1
67.1772,59.0076,53.4212,4.7925,3.9684,-0.824,56.5336,-40.2127,30.0,10.0,57.38,58.6299,53.76,57.74,554533.0,-1
63.4189,47.4783,54.2587,4.9985,4.2372,-0.7613,56.3613,-35.454,40.0,20.0,57.62,58.94,55.35,58.33,595905.0,-1
46.4267,33.8998,53.5815,5.1888,4.4585,-0.7303,56.08,-30.2277,50.0,30.0,60.77,60.77,56.35,57.72,549811.0,-1
32.5894,25.4158,55.0485,5.3714,4.7382,-0.6331,55.8458,-64.9143,60.0,40.0,53.0,59.06,50.16,58.94,907218.0,1
22.6833,20.5464,48.7322,5.5296,4.9022,-0.6275,55.4037,-103.3363,70.0,50.0,57.41,58.82,50.795,52.84,1115672.0,1
20.9747,21.1528,53.0788,5.6865,5.6612,-0.0254,55.77,-50.4122,0.0,60.0,59.5,62.48,55.34,56.79,1539822.0,-1
17.9813,30.6324,56.3543,5.6929,6.1454,0.4525,55.6242,-52.9549,0.0,70.0,53.0,59.99,49.34,59.65,1582407.0,1
24.5024,46.0508,49.4085,5.5797,6.3829,0.8031,55.0491,-37.7949,0.0,80.0,63.93,65.5129,49.0118,52.58,2643158.0,-1
49.4135,59.9659,59.9061,5.3789,7.313,1.934,55.4019,51.5973,10.0,90.0,73.23,73.97,60.75,61.23,2515929.0,-1
64.2366,66.8371,74.847,4.8954,7.513,2.6176,54.5693,115.9388,0.0,100.0,73.0,83.95,66.21,70.26,2380904.0,-1
66.2475,70.5457,74.6008,4.241,6.7397,2.4987,52.3277,103.3257,10.0,80.0,61.1,71.61,61.06,69.87,1632397.0,1
70.0273,77.6307,68.0371,3.6164,5.6943,2.0779,49.8217,78.7677,0.0,90.0,59.6,62.1,57.75,60.78,1058731.0,1
75.3623,82.7243,66.3224,3.0969,5.2027,2.1058,48.2562,128.1467,10.0,100.0,71.78,73.37,58.64,58.79,2439351.0,-1
87.5025,88.512,87.1226,2.5704,4.7022,2.1318,46.7514,200.5976,20.0,100.0,56.5635,69.79,56.5635,68.63,3154924.0,1
85.308,86.2648,77.7335,2.0375,2.9931,0.9556,43.6259,204.3378,30.0,100.0,50.12,59.3988,50.12,53.93,1388611.0,1
92.7255,77.9762,74.264,1.7986,2.2648,0.4662,42.1539,233.1669,40.0,100.0,46.0,51.94,43.57,50.91,1267103.0,1
80.7609,61.7626,65.6295,1.682,1.6098,-0.0722,40.903,179.8736,50.0,100.0,43.59,46.33,40.2,45.5,912359.0,1
60.4423,47.1049,57.8986,1.7001,1.3013,-0.3989,40.2463,23.798,60.0,0.0,39.45,42.4299,38.56,42.21,449626.0,1
44.0847,37.2623,50.8879,1.7998,1.2234,-0.5764,39.9658,-52.3086,70.0,10.0,39.33,40.45,38.89,39.89,962391.0,1
36.7878,30.3069,47.9989,1.9439,1.3426,-0.6013,39.9766,-60.1315,80.0,20.0,40.72,42.17,38.27,39.03,536048.0,-1
30.9144,26.8312,52.8461,2.0942,1.5626,-0.5316,40.1118,-56.6985,0.0,30.0,39.63,40.6,38.29,40.52,563871.0,-1
23.2187,27.4139,49.978,2.2271,1.6691,-0.5581,40.0535,-82.97,0.0,40.0,38.79,39.615,36.92,39.58,696378.0,1
26.3606,36.3504,46.4876,2.3667,1.8764,-0.4903,40.1211,-60.6337,10.0,50.0,40.45,40.9099,37.65,38.46,591353.0,-1
32.6625,47.8565,53.336,2.4892,2.2277,-0.2615,40.3585,20.6394,20.0,60.0,43.57,44.26,39.17,40.75,604546.0,-1
50.0282,65.012,57.9312,2.5546,2.4106,-0.144,40.3025,43.9547,30.0,70.0,40.69,44.59,39.39,42.12,566506.0,1
60.8788,72.4939,53.1592,2.5906,2.4694,-0.1212,40.0429,9.7682,40.0,80.0,42.78,43.1,39.5801,40.32,506950.0,-1
84.1291,70.5758,64.5884,2.6209,2.6919,0.071,40.0033,83.0662,50.0,0.0,43.94,44.93,42.88,43.44,329950.0,-1
72.4737,51.4397,64.5444,2.6032,2.619,0.0158,39.5123,94.1652,60.0,10.0,45.0,45.795,43.05,43.42,415805.0,-1
55.1247,31.8803,69.9806,2.5992,2.4899,-0.1093,38.9541,77.5374,70.0,20.0,39.3,44.83,39.22,44.81,717804.0,1
26.7208,17.2469,56.2326,2.6265,2.1474,-0.4791,38.1175,-32.808,80.0,30.0,38.33,40.8,37.97,39.05,497442.0,1
13.7955,16.9661,51.4756,2.7463,2.2655,-0.4808,37.9843,-79.4894,90.0,40.0,37.0,39.7,36.0045,37.68,718391.0,1
11.2243,26.5116,48.4578,2.8665,2.5228,-0.3438,38.0278,-99.2651,100.0,50.0,37.73,39.1,35.62,36.86,959082.0,1
25.8785,42.1249,49.5399,2.9525,2.8979,-0.0546,38.1946,-81.0298,0.0,60.0,38.35,38.94,36.97,37.18,417004.0,-1
42.4319,56.8425,57.2319,2.9661,3.302,0.3359,38.3396,12.0648,0.0,70.0,42.96,43.99,37.86,39.32,1024721.0,-1
58.0642,70.9715,75.6604,2.8821,3.5518,0.6697,38.1995,85.5634,0.0,80.0,42.68,43.5,41.33,43.05,521503.0,-1
70.0315,80.8024,73.7428,2.7147,3.4393,0.7246,37.5066,101.349,10.0,90.0,43.0,44.13,41.08,42.11,728059.0,1
84.8189,86.7309,77.5449,2.5335,3.3413,0.8078,36.8489,159.1034,20.0,100.0,44.36,46.5,41.33,42.76,1090945.0,-1
87.5568,87.1133,76.2746,2.3316,3.1015,0.7699,36.0045,161.3708,0.0,100.0,40.6,42.36,40.21,42.01,741105.0,1
87.817,87.7742,72.951,2.1391,2.8266,0.6875,35.1466,135.1044,0.0,100.0,38.49,40.4,38.18,40.2,541217.0,1
85.966,83.6985,69.024,1.9673,2.619,0.6517,34.4247,132.6877,0.0,100.0,38.24,39.9971,37.38,38.38,525696.0,1
89.5395,75.5333,68.9348,1.8043,2.5011,0.6968,33.8596,120.5119,10.0,100.0,38.0,38.65,36.17,38.34,547400.0,1
75.5901,61.4201,66.9654,1.6301,2.3184,0.6883,33.2195,121.0552,0.0,90.0,37.6,37.6,36.07,37.42,581900.0,1
61.4704,54.1024,65.9954,1.4581,2.1452,0.6871,32.6195,139.7849,0.0,100.0,35.56,37.96,35.1,36.96,534400.0,1
47.1999,53.8198,62.2906,1.2863,1.9397,0.6534,31.9994,101.2368,0.0,70.0,34.41,37.33,34.22,35.25,1441341.0,1
53.6369,62.3109,61.1316,1.1229,1.8234,0.7004,31.535,60.1427,10.0,80.0,32.38,35.55,32.17,34.73,719590.0,1
60.6225,66.3975,56.8637,0.9478,1.7012,0.7534,31.0786,56.6235,0.0,90.0,35.69,36.09,32.3,32.87,714666.0,-1
72.6733,71.3372,66.6767,0.7595,1.71,0.9505,30.8227,114.6599,0.0,100.0,34.44,37.95,33.68,35.64,1083299.0,-1
65.8968,72.0621,64.3372,0.5219,1.4143,0.8925,30.1345,94.6391,0.0,80.0,35.14,35.51,32.16,34.47,607184.0,1
75.4416,79.3886,65.2177,0.2987,1.1355,0.8367,29.5152,106.5785,10.0,90.0,32.71,34.81,31.72,34.72,792174.0,1
74.8479,83.7291,59.1847,0.0896,0.7376,0.648,28.7716,109.442,20.0,100.0,35.5,36.79,29.495,31.72,790766.0,1
87.8762,89.3607,65.716,-0.0725,0.5244,0.5969,28.3504,120.4227,30.0,100.0,29.58,33.79,29.545,33.63,511588.0,1
88.4631,86.3102,57.6302,-0.2217,0.0503,0.2719,27.5962,100.6031,40.0,0.0,29.74,32.94,29.24,29.96,615544.0,1
91.7427,72.5533,55.5477,-0.2897,-0.182,0.1077,27.2585,46.1858,50.0,10.0,29.57,29.9247,28.14,29.15,502968.0,1
78.7247,49.3729,56.3478,-0.3166,-0.3933,-0.0767,26.9883,27.344,60.0,20.0,27.4,29.44,26.15,29.41,614384.0,1
47.1925,26.3758,51.3241,-0.2974,-0.6837,-0.3863,26.6423,5.2288,70.0,30.0,27.12,28.44,26.37,27.34,527254.0,1
22.2013,16.5571,47.0592,-0.2008,-0.8338,-0.6329,26.5427,-58.1535,80.0,40.0,21.73,26.7,21.35,25.73,763421.0,1
9.7334,16.4671,31.315,-0.0426,-0.8492,-0.8066,26.6588,-136.1992,90.0,50.0,22.66,24.14,20.88,21.05,839074.0,1
17.7365,26.0683,32.9745,0.1591,-0.38,-0.5391,27.46,-207.7918,100.0,60.0,20.45,24.18,20.45,21.93,1172673.0,1
21.9313,37.5625,37.8344,0.2938,0.1348,-0.1591,28.25,-190.0336,100.0,70.0,27.07,28.64,22.13,24.3,826849.0,-1
38.5371,51.1606,52.051,0.3336,0.5485,0.2149,28.8143,-0.1452,90.0,80.0,28.75,30.53,27.8101,29.18,674201.0,-1
52.2193,53.9101,49.3482,0.2799,0.5718,0.2919,28.7621,-1.5317,100.0,90.0,31.0,32.2853,26.13,28.41,797724.0,-1
62.7255,51.3443,72.4522,0.2069,0.6715,0.4646,28.8124,240.9952,0.0,100.0,33.89,36.6187,32.0209,33.25,1054933.0,-1
46.7854,49.6295,60.9179,0.0908,0.2963,0.2055,28.1784,115.4853,0.0,70.0,28.71,30.5,28.63,29.86,377936.0,1
44.5218,57.9697,56.627,0.0394,0.1582,0.1188,27.9382,64.2484,10.0,80.0,27.53,29.67,27.05,28.97,477947.0,1
57.5812,68.3031,47.1148,0.0097,0.0703,0.0606,27.7908,45.6664,20.0,90.0,28.66,29.57,27.24,27.35,499325.0,1
71.8061,72.5831,63.0051,-0.0055,0.122,0.1275,27.8538,201.6337,30.0,100.0,29.2,31.0571,29.18,29.42,519619.0,-1
75.5221,73.0915,62.2297,-0.0373,-0.0246,0.0128,27.63,202.3258,40.0,0.0,27.52,29.5,27.515,29.28,423402.0,1
70.4212,70.8614,49.7788,-0.0405,-0.197,-0.1565,27.3943,68.2995,50.0,10.0,26.99,28.36,26.5921,27.44,424430.0,1
73.3313,64.3056,48.2776,-0.0014,-0.2269,-0.2255,27.3878,36.6737,60.0,20.0,26.91,28.0,26.6,27.26,346356.0,1
68.8316,50.3242,46.9292,0.055,-0.2434,-0.2984,27.4061,11.4298,70.0,30.0,26.87,27.68,26.6332,27.09,201049.0,1
50.7539,31.8692,44.9539,0.1296,-0.2437,-0.3732,27.4512,-8.272,80.0,40.0,26.96,27.63,26.66,26.83,743635.0,1
31.3872,19.7333,45.7197,0.2229,-0.214,-0.4368,27.54,-37.4899,90.0,50.0,26.42,27.45,26.08,26.96,437669.0,1
13.4665,13.929,42.1008,0.3321,-0.1862,-0.5183,27.6228,-104.8418,100.0,0.0,25.99,26.7,25.1,26.43,830125.0,1
14.346,17.7233,38.553,0.4617,-0.094,-0.5557,27.7932,-135.496,90.0,0.0,25.92,26.6386,25.66,25.92,265938.0,1
13.9745,20.3607,37.4023,0.6006,0.0769,-0.5237,28.0608,-131.9042,100.0,0.0,27.3,27.3,25.3485,25.75,480824.0,-1
24.8492,22.3113,44.6117,0.7315,0.3112,-0.4203,28.3909,-90.3752,100.0,10.0,26.52,28.15,26.17,27.38,908879.0,-1
22.2583,18.7582,40.9342,0.8366,0.4398,-0.3967,28.5353,-69.5208,100.0,20.0,28.7,30.9082,26.38,26.795,975443.0,-1
19.8265,16.5389,48.1377,0.9357,0.6572,-0.2786,28.784,-86.936,100.0,30.0,28.02,28.88,26.71,28.26,438243.0,-1
14.1898,15.5548,45.3615,1.0054,0.7758,-0.2296,28.8588,-116.7626,100.0,40.0,27.96,28.75,26.9,27.79,330204.0,1
15.6003,19.6857,44.8527,1.0628,0.9638,-0.0989,29.0115,-144.8997,0.0,50.0,28.84,28.96,27.6,27.7,273506.0,-1
16.8743,30.9643,50.8145,1.0875,1.1989,0.1114,29.1988,-131.8208,10.0,60.0,29.21,29.47,27.71,28.96,300948.0,-1
26.5827,49.8035,52.6645,1.0596,1.3533,0.2937,29.233,-64.3603,20.0,70.0,29.82,30.6,28.25,29.33,367803.0,-1
49.4359,68.5459,54.3491,0.9862,1.493,0.5068,29.2191,-0.4324,0.0,80.0,31.78,31.91,29.47,29.68,578215.0,-1
73.3919,78.2702,64.4789,0.8595,1.6139,0.7544,29.1533,70.5089,0.0,90.0,32.4,32.95,31.3,31.59,539449.0,-1
82.8099,81.9341,72.2878,0.671,1.5503,0.8793,28.8052,81.8345,0.0,100.0,31.42,33.16,29.885,32.82,421740.0,-1
78.6089,82.2291,67.6427,0.4511,1.3213,0.8702,28.2316,73.2173,0.0,80.0,31.28,32.135,30.03,31.2,631581.0,1
84.3834,80.2641,68.9918,0.2336,1.1748,0.9412,27.8076,90.6852,0.0,90.0,31.71,31.7768,30.1,31.41,369093.0,-1
83.6951,74.1437,68.5073,-0.0017,0.9493,0.951,27.2929,129.1099,10.0,100.0,32.07,32.91,30.9501,31.23,610526.0,-1
72.7137,69.2237,72.0542,-0.2395,0.666,0.9055,26.7305,159.365,0.0,100.0,30.5,32.23,29.56,31.86,623414.0,1
66.0222,72.7129,68.6971,-0.4659,0.2306,0.6964,25.9977,163.4271,0.0,100.0,25.87,32.15,25.29,30.41,683476.0,1
68.9352,78.3332,56.457,-0.64,-0.1809,0.4591,25.3674,131.6029,10.0,90.0,28.04,28.48,26.5,26.64,394097.0,1
83.1813,81.1985,65.6492,-0.7548,-0.3196,0.4351,25.1855,202.0385,20.0,100.0,25.59,29.78,25.32,28.14,751924.0,1
82.883,75.4321,53.1562,-0.8635,-0.6447,0.2188,24.7635,117.923,30.0,100.0,25.4,25.76,25.0,25.41,334939.0,1
77.5311,68.7526,52.4724,-0.9182,-0.7724,0.1459,24.6711,113.1754,40.0,100.0,24.74,25.6,24.15,25.29,524300.0,1
65.8821,62.1792,49.486,-0.9547,-0.9118,0.0429,24.5827,87.2552,50.0,10.0,24.96,25.42,24.07,24.75,400657.0,1
62.8444,56.8953,47.2774,-0.9655,-1.0215,-0.0561,24.5588,31.8764,60.0,0.0,23.68,24.5,23.27,24.35,486955.0,1
57.8111,46.4609,43.4977,-0.9514,-1.106,-0.1546,24.5886,-2.9811,70.0,0.0,24.09,24.54,23.07,23.67,575137.0,1
50.0302,31.5006,45.4378,-0.9128,-1.1285,-0.2157,24.7199,10.2308,80.0,10.0,23.87,25.44,23.75,24.12,509383.0,-1
31.5413,18.4142,43.314,-0.8589,-1.1866,-0.3278,24.8056,-42.161,90.0,20.0,22.85,24.26,22.795,23.7,676553.0,1
12.9302,14.9263,38.8786,-0.7769,-1.2008,-0.4239,24.9635,-94.9057,100.0,30.0,22.25,22.95,21.69,22.83,401568.0,1
10.7709,20.8821,35.3739,-0.6709,-1.1128,-0.4419,25.2683,-123.1276,100.0,40.0,22.31,22.72,21.81,22.16,379942.0,1
21.0777,25.9553,36.1821,-0.5605,-0.9162,-0.3557,25.7123,-121.5042,100.0,50.0,23.55,23.85,22.45,22.45,469514.0,-1
30.7977,33.2549,41.3413,-0.4715,-0.6813,-0.2098,26.1784,-103.5749,70.0,0.0,23.19,25.29,23.0968,24.21,790157.0,-1
25.9905,41.7173,44.9107,-0.4191,-0.5509,-0.1318,26.4596,-90.5549,80.0,10.0,24.58,25.56,24.54,25.3,1137278.0,-1
42.9767,54.0483,42.0172,-0.3862,-0.4873,-0.1012,26.6253,-172.146,90.0,0.0,23.21,24.95,23.0306,24.6,835503.0,1
56.1847,50.826,36.437,-0.3609,-0.3279,0.033,26.9146,-199.0497,100.0,10.0,28.82,28.98,22.76,23.3,1807463.0,-1
62.9834,40.2818,57.3914,-0.3691,0.0128,0.3819,27.4309,16.7682,80.0,20.0,27.77,29.07,27.21,28.78,598294.0,-1
33.3099,26.7017,53.4811,-0.4646,-0.1106,0.354,27.2382,-43.327,0.0,30.0,27.23,28.21,26.945,27.89,348512.0,1
24.5522,26.2006,49.0868,-0.5531,-0.1758,0.3773,27.1451,-117.3085,0.0,40.0,26.18,27.51,25.77,26.96,314755.0,1
22.2431,31.2368,45.8705,-0.6474,-0.1618,0.4856,27.1716,-65.6545,0.0,50.0,28.45,28.8521,26.23,26.31,558027.0,-1
31.8064,42.6433,56.8625,-0.7688,-0.0754,0.6934,27.2946,32.4305,0.0,60.0,27.7,28.72,27.52,28.52,511155.0,-1
39.6609,57.169,52.5567,-0.9421,-0.189,0.7531,27.1196,20.1674,0.0,70.0,28.36,28.58,26.59,27.59,530423.0,1
56.4625,72.3585,56.3682,-1.1304,-0.2366,0.8938,27.0524,57.3178,10.0,80.0,29.5,29.88,27.61,28.29,514858.0,-1
75.3837,84.9535,61.7202,-1.3539,-0.3652,0.9887,26.8756,77.2077,20.0,90.0,28.79,29.42,28.24,29.22,550529.0,-1
85.2294,91.6536,60.6722,-1.6011,-0.6186,0.9824,26.5407,97.9436,30.0,100.0,29.47,31.13,27.41,28.93,1018133.0,-1
94.2475,94.3279,63.1398,-1.8467,-0.9036,0.943,26.1993,133.1478,40.0,100.0,28.23,30.4613,28.0,29.39,545112.0,1
95.4839,86.4045,59.849,-2.0824,-1.3011,0.7813,25.7435,123.278,50.0,100.0,27.39,28.69,27.0211,28.36,513752.0,1
93.2523,70.8906,58.4889,-2.2778,-1.6846,0.5931,25.3697,109.2921,60.0,100.0,26.64,27.979,25.5,27.94,490227.0,1
70.4773,46.7672,54.5281,-2.426,-2.1069,0.3192,25.0025,60.952,70.0,0.0,23.8,27.34,23.15,26.74,978596.0,1
48.9424,26.907,43.0827,-2.5058,-2.493,0.0129,24.7543,-32.1124,80.0,10.0,22.58,24.37,21.79,23.93,1291060.0,1
20.8819,11.3104,34.8349,-2.509,-2.6634,-0.1544,24.8721,-84.6319,90.0,20.0,22.08,22.77,21.17,22.36,648068.0,1
10.8968,9.5964,33.5093,-2.4705,-2.6824,-0.2119,25.231,-124.5483,100.0,30.0,20.5,22.67,20.4,22.12,508417.0,1
2.1526,16.0472,26.0018,-2.4175,-2.6431,-0.2256,25.6754,-172.7717,100.0,40.0,22.52,23.8289,20.46,20.79,1527847.0,-1
15.7398,32.5649,29.9359,-2.3611,-2.4191,-0.058,26.3733,-178.6809,100.0,50.0,23.74,24.11,22.45,22.51,746537.0,-1
30.2492,45.741,33.3116,-2.3466,-2.2732,0.0734,26.9252,-101.4804,50.0,60.0,26.62,26.69,23.76,23.79,535948.0,-1
51.7056,55.0407,40.35,-2.3649,-2.1841,0.1808,27.3731,-16.6189,60.0,70.0,26.32,26.83,25.3532,25.99,546050.0,-1
55.268,50.8038,40.0911,-2.4101,-2.2627,0.1474,27.5707,-17.4619,70.0,0.0,27.16,27.4286,25.376,25.94,450925.0,-1
58.1486,43.1593,44.7013,-2.447,-2.3251,0.1219,27.8036,-7.2627,80.0,0.0,26.66,27.4,25.36,27.26,1009034.0,-1
38.9947,29.4268,42.1143,-2.4774,-2.5052,-0.0278,27.8813,-2.8739,90.0,0.0,26.35,29.5599,25.105,26.69,943679.0,1
32.3347,22.4751,40.8919,-2.4705,-2.6406,-0.1702,28.0515,-70.5453,100.0,10.0,24.08,26.92,23.01,26.41,698911.0,1
16.951,17.4767,27.2038,-2.428,-2.7466,-0.3186,28.2859,-124.835,100.0,20.0,26.19,26.47,23.17,23.64,774417.0,1
18.1397,21.6548,32.6886,-2.3483,-2.5598,-0.2116,28.9496,-116.1594,100.0,0.0,24.78,27.93,23.81,25.87,502318.0,-1
17.3393,27.8229,26.2034,-2.2954,-2.5113,-0.2159,29.3896,-216.0258,100.0,10.0,25.77,26.38,24.33,24.79,686919.0,1
29.4853,38.0233,28.9201,-2.2414,-2.3029,-0.0614,30.0467,-184.208,100.0,0.0,28.79,29.38,25.35,25.96,528105.0,-1
36.6441,47.0161,37.1966,-2.2261,-2.1224,0.1036,30.6305,-63.5836,30.0,0.0,28.95,29.5,28.45,28.75,384786.0,-1
47.9406,56.6327,38.4386,-2.252,-2.1454,0.1066,30.8991,-91.6673,40.0,10.0,28.5,29.25,27.55,29.1,673319.0,1
56.4635,59.1798,35.0949,-2.2786,-2.179,0.0996,31.1562,-90.6354,50.0,20.0,30.55,30.6975,27.85,28.5,608162.0,-1
65.494,56.8708,41.9266,-2.3035,-2.1292,0.1743,31.5356,-13.0381,60.0,30.0,30.45,30.9,29.85,30.5,385414.0,-1
55.5819,51.3753,42.2971,-2.3471,-2.2383,0.1088,31.6836,-4.1121,70.0,0.0,30.6,31.1,29.95,30.6,520319.0,-1
49.5366,49.3143,40.1552,-2.3743,-2.3552,0.0191,31.8384,-91.2052,80.0,0.0,28.75,30.3,27.7,30.15,595817.0,1
49.0074,49.7639,32.936,-2.3791,-2.4243,-0.0452,32.0795,-157.431,90.0,10.0,29.45,30.05,27.25,28.7,657898.0,1
49.3988,48.1912,35.3159,-2.3678,-2.3296,0.0382,32.5623,-136.2747,100.0,20.0,31.45,32.6,26.1,29.6,1765936.0,-1
50.8857,46.3827,40.9358,-2.3773,-2.2665,0.1108,32.9855,-75.9104,60.0,30.0,30.85,31.65,29.8,31.5,602938.0,-1
44.2893,38.3501,37.8928,-2.405,-2.3464,0.0586,33.1977,-65.8979,70.0,40.0,32.45,32.9,30.35,30.85,582018.0,-1
43.9731,29.5966,42.948,-2.4197,-2.3481,0.0715,33.5331,-26.5152,0.0,50.0,31.5,32.95,31.45,32.5,406221.0,-1
26.7879,26.9733,38.9497,-2.4375,-2.4842,-0.0466,33.6807,-55.2877,10.0,60.0,31.75,32.1,31.0,31.6,334472.0,1
18.0289,39.4293,38.9497,-2.4259,-2.53,-0.1041,33.978,-84.6697,20.0,0.0,30.1,32.7,29.5,31.6,502086.0,1
36.1033,63.1314,33.0368,-2.3999,-2.5517,-0.1518,34.3177,-155.2111,30.0,0.0,31.05,31.4,30.0,30.2,536623.0,1
64.1559,80.2549,35.4658,-2.3619,-2.3998,-0.0379,34.9059,-91.1568,40.0,10.0,34.5,34.9,30.8,31.3,912644.0,-1
89.135,85.1362,44.585,-2.3524,-2.2829,0.0695,35.4211,29.9872,50.0,20.0,33.9,35.0,33.523,34.7,527335.0,-1
87.4738,75.7637,42.0199,-2.3698,-2.4467,-0.0769,35.5241,4.5412,60.0,30.0,33.9,34.9,33.65,34.05,687217.0,1
78.7998,61.2813,41.6459,-2.3506,-2.5541,-0.2035,35.7346,-15.7892,70.0,0.0,34.15,34.445,33.65,33.95,400672.0,-1
61.0175,43.6248,42.5096,-2.2997,-2.6438,-0.3441,35.9896,-23.7326,80.0,0.0,34.0,34.75,33.15,34.3,867732.0,-1
44.0266,28.9831,40.7723,-2.2137,-2.7554,-0.5417,36.231,-78.2268,90.0,10.0,32.6,34.0,31.05,33.75,1050092.0,1
25.8303,18.299,30.6566,-2.0783,-2.8018,-0.7236,36.5854,-171.3406,100.0,20.0,34.1,34.95,27.35,30.8,1653867.0,1
17.0924,13.0153,37.3755,-1.8974,-2.52,-0.6226,37.4119,-123.5484,100.0,30.0,32.8,34.6,32.3,34.25,975678.0,-1
11.9742,11.7449,31.501,-1.7417,-2.4748,-0.7331,37.8636,-173.7022,100.0,40.0,35.2,35.3,32.35,32.75,996194.0,-1
9.9793,11.336,36.0686,-1.5584,-2.2284,-0.67,38.5941,-73.6541,0.0,50.0,36.6,37.65,34.7,35.0,664218.0,-1
13.2813,18.2038,39.3805,-1.3909,-2.1107,-0.7197,39.1075,-62.2594,10.0,0.0,35.65,36.95,35.1,36.45,684711.0,-1
10.7474,32.2062,34.7306,-1.211,-2.0773,-0.8663,39.4872,-76.5965,20.0,0.0,36.15,37.3,35.1,35.2,702856.0,1
30.5828,48.411,36.7609,-0.9944,-1.8772,-0.8828,40.0996,-66.5468,30.0,10.0,36.75,37.65,35.1,36.2,569819.0,-1
55.2884,53.168,36.2578,-0.7737,-1.6964,-0.9226,40.6567,-60.1487,40.0,0.0,38.65,38.82,36.05,36.05,552749.0,-1
59.362,40.2077,42.0823,-0.5431,-1.4256,-0.8825,41.3148,-25.0499,50.0,10.0,41.05,41.5,37.8,38.95,901017.0,-1
44.8537,24.3709,46.6139,-0.3224,-1.3545,-1.032,41.6526,-31.5254,60.0,20.0,37.3,40.95,37.0,40.9,682024.0,1
16.4072,11.4858,35.1768,-0.0644,-1.4426,-1.3781,41.7601,-77.2043,70.0,30.0,37.15,38.0,36.1,37.35,620940.0,1
11.8517,9.461,34.2845,0.2801,-1.1726,-1.4527,42.3902,-109.4499,80.0,40.0,35.25,37.2,35.2,37.1,489252.0,1
6.1986,15.7491,28.4328,0.6433,-0.7854,-1.4287,43.1459,-168.7034,90.0,50.0,36.85,37.0,34.95,35.45,695102.0,1
10.3328,28.2001,29.8462,1.0004,-0.1119,-1.1123,44.2453,-248.2873,100.0,0.0,40.75,41.5,34.6,36.425,1840633.0,-1
30.716,46.3549,38.3332,1.2785,0.6501,-0.6284,45.3625,-193.9675,100.0,10.0,43.85,45.295,41.2,41.25,1001943.0,-1
43.5514,52.5406,44.1934,1.4356,1.122,-0.3136,45.95,-102.5443,100.0,20.0,48.25,48.85,42.4,43.75,1744807.0,-1
64.7973,52.4854,59.613,1.514,1.4535,-0.0606,46.2643,46.521,40.0,30.0,46.65,48.825,45.7,48.45,893255.0,-1
49.2732,38.7507,53.2034,1.5292,1.3768,-0.1524,45.9521,35.6986,0.0,40.0,48.05,49.75,45.8,46.4,1068661.0,1
43.3857,28.6755,59.8786,1.5673,1.4677,-0.0996,45.8881,72.3138,10.0,50.0,46.45,48.85,46.2,48.0,517664.0,-1
23.5931,23.877,53.8536,1.5922,1.3994,-0.1927,45.5864,-28.9449,20.0,60.0,45.5,46.95,44.9,46.15,428769.0,1
19.0476,33.9989,52.4645,1.6403,1.4803,-0.16,45.5058,-34.3858,30.0,70.0,46.05,46.85,45.1,45.75,544122.0,-1
28.9902,53.3717,52.8222,1.6803,1.6027,-0.0776,45.471,-73.2106,40.0,80.0,45.3,46.25,44.25,45.85,1047317.0,1
53.9588,69.7627,50.5459,1.6997,1.7255,0.0258,45.4168,-21.6762,0.0,90.0,47.25,48.18,44.1,45.1,666360.0,-1
77.166,71.7032,56.6097,1.6933,1.9335,0.2402,45.4621,102.153,10.0,100.0,50.4,51.8,45.3,46.95,1271920.0,-1
78.1634,63.8217,69.3609,1.6333,1.9824,0.3491,45.2495,155.4979,0.0,100.0,47.75,50.3,47.05,50.1,683579.0,-1
59.7802,55.3685,63.3456,1.546,1.6953,0.1493,44.5566,76.7227,0.0,50.0,45.9,47.75,44.3,47.55,685051.0,1
53.5215,57.3037,58.9351,1.5086,1.5639,0.0552,44.129,66.8905,10.0,60.0,44.85,46.95,44.72,46.0,731191.0,1
52.8039,62.7466,56.1796,1.4948,1.5312,0.0363,43.8617,61.676,20.0,70.0,46.3,48.75,41.85,45.1,1542499.0,-1
65.5857,71.4931,61.9126,1.4857,1.5588,0.073,43.6848,106.1873,30.0,80.0,45.8,46.65,44.75,46.48,408005.0,-1
69.8503,74.1569,59.2552,1.4675,1.4308,-0.0367,43.2854,146.7284,40.0,90.0,47.8,47.9,44.0,45.5,528958.0,-1
79.0433,77.8787,68.7227,1.4767,1.3465,-0.1302,42.9691,257.0598,50.0,100.0,42.7,49.5,42.45,47.65,1729237.0,1
73.5772,71.6089,53.0078,1.5092,1.0004,-0.5088,42.3004,56.9943,60.0,0.0,43.0,43.35,42.0,42.65,475035.0,1
81.0155,61.1642,53.7368,1.6364,1.0531,-0.5833,42.2504,6.0147,70.0,10.0,41.9,43.25,41.15,42.8,643175.0,1
60.2341,38.3718,50.6849,1.7822,1.0899,-0.6924,42.1719,-11.8522,80.0,20.0,43.8,43.8,41.2,42.05,480739.0,-1
42.243,21.1434,57.5143,1.9553,1.1973,-0.758,42.1893,-21.4609,90.0,30.0,39.9,43.6,39.85,43.55,1057698.0,1
12.6383,9.2653,38.6742,2.1448,1.1642,-0.9806,41.995,-99.2921,100.0,40.0,40.5,40.8,38.88,39.75,558796.0,1
8.5491,7.0881,42.4652,2.39,1.492,-0.8979,42.3157,-97.9624,100.0,50.0,41.05,41.95,39.8,40.6,994184.0,-1
6.6085,11.9915,44.7895,2.6145,1.8022,-0.8123,42.5608,-113.9361,90.0,60.0,40.7,42.3,40.35,41.1,386044.0,-1
6.1066,24.4341,42.5245,2.8175,2.1209,-0.6966,42.7695,-156.6312,100.0,0.0,41.35,42.35,40.3,40.7,549312.0,-1
23.2594,45.4024,43.7356,2.9917,2.5376,-0.4541,43.0651,-193.6338,100.0,10.0,42.85,43.9,40.65,41.0,738665.0,-1
43.9364,61.0367,52.2119,3.1052,3.002,-0.1032,43.3601,-77.6905,30.0,20.0,46.75,47.45,42.4,42.9,939372.0,-1
69.0115,68.8177,74.9043,3.131,3.3576,0.2266,43.4258,80.8206,40.0,30.0,46.15,48.2,45.6,46.2,562794.0,-1
70.1622,67.3263,74.9043,3.0744,3.4267,0.3523,43.0295,77.9422,0.0,40.0,46.5,47.3,45.6497,46.2,567555.0,-1
67.2794,65.234,76.9567,2.9863,3.465,0.4787,42.5766,77.7058,0.0,50.0,45.65,46.85,44.95,46.45,438628.0,1
64.5372,64.3202,74.8478,2.8666,3.438,0.5714,42.0233,48.0304,0.0,60.0,45.0,45.7,43.6,45.6,379498.0,1
63.8853,65.9184,74.4768,2.7238,3.4401,0.7163,41.5123,84.7844,0.0,70.0,47.15,47.4,44.35,45.45,1059611.0,-1
64.5382,70.9603,84.5822,2.5447,3.4081,0.8634,40.9498,106.604,0.0,80.0,45.75,47.5,45.1,46.8,969435.0,1
69.3317,78.9399,82.4375,2.3289,3.1801,0.8512,40.114,67.0876,10.0,90.0,44.5,45.75,41.0,45.45,1341963.0,1
79.011,85.0744,82.0207,2.116,2.9804,0.8643,39.3517,113.9221,20.0,100.0,44.05,48.67,44.05,45.2,1844004.0,1
88.4768,88.375,79.3777,1.9,2.7075,0.8075,38.5163,92.1548,30.0,100.0,42.75,44.55,41.9,43.7,653460.0,1
87.7354,85.4139,77.7062,1.6981,2.4726,0.7745,37.7757,101.4342,40.0,80.0,42.75,43.15,41.75,42.85,624791.0,1
88.9128,81.1068,77.5133,1.5045,2.2233,0.7189,37.0508,139.5503,0.0,90.0,42.7,43.4,41.55,42.75,950298.0,1
79.5935,67.5572,77.3367,1.3247,1.8831,0.5583,36.2367,207.4813,10.0,100.0,40.05,43.98,40.0,42.65,1497991.0,1
74.8141,56.5915,73.9284,1.1852,1.4315,0.2464,35.3205,262.0161,20.0,100.0,36.1,41.6,36.05,40.8,1395077.0,1
48.2639,47.6306,59.8173,1.1236,1.0227,-0.1009,34.5377,191.2816,30.0,100.0,36.0,37.9,35.25,36.0,935238.0,1
46.6964,51.8601,57.4419,1.1488,0.9748,-0.174,34.3288,57.2629,40.0,60.0,33.6,36.25,33.4,35.45,628718.0,1
47.9315,59.623,47.233,1.1923,0.9555,-0.2368,34.1686,-100.9903,0.0,0.0,34.75,35.2,33.1,33.45,388015.0,1
60.9524,62.2222,54.9432,1.2515,1.1205,-0.131,34.2712,14.9596,10.0,0.0,35.45,35.75,33.89,34.75,572617.0,-1
69.9851,57.9907,60.0313,1.2842,1.1825,-0.1017,34.2029,53.4573,20.0,10.0,34.4,35.9,33.9,35.5,498018.0,1
55.7292,47.5733,55.3137,1.3096,1.1681,-0.1415,34.0175,28.3297,30.0,20.0,35.75,36.3,33.75,34.55,568547.0,-1
48.2579,44.617,61.5032,1.345,1.2295,-0.1156,33.9415,57.5238,0.0,30.0,34.1,35.85,33.83,35.45,779254.0,1
38.7328,48.2422,53.4251,1.3739,1.1982,-0.1757,33.726,-51.1828,10.0,40.0,33.3,34.95,32.8,33.9,414114.0,1
46.8602,56.6216,50.7233,1.4179,1.2987,-0.1191,33.7011,-66.6667,20.0,50.0,34.65,34.75,33.0,33.45,1059316.0,-1
59.1337,64.2007,58.9273,1.4476,1.454,0.0064,33.737,65.7718,0.0,60.0,34.85,36.0,34.4,34.65,568415.0,-1
63.871,67.3576,60.3925,1.446,1.5088,0.0627,33.6066,69.7197,0.0,70.0,35.15,35.5,34.35,34.85,486403.0,-1
69.5973,69.9158,62.1305,1.4304,1.5364,0.1061,33.4289,99.7664,0.0,80.0,35.0,35.8,34.45,35.1,702928.0,-1
68.6045,67.4377,62.7809,1.4038,1.5239,0.1201,33.1902,73.5708,10.0,90.0,35.45,36.6,32.25,35.2,1372816.0,-1
71.5457,66.4898,64.9216,1.3738,1.4756,0.1018,32.9031,121.8084,20.0,100.0,34.15,36.675,34.0,35.55,663834.0,1
62.163,64.5295,60.0129,1.3484,1.3568,0.0084,32.525,68.5921,0.0,90.0,34.25,34.65,33.15,34.15,489969.0,1
65.7609,69.2053,61.9639,1.3463,1.328,-0.0183,32.2928,90.6574,10.0,100.0,32.6,35.5,32.6,34.5,957694.0,1
65.6647,73.6768,53.6298,1.3508,1.2363,-0.1145,31.9775,49.7047,20.0,70.0,34.05,34.25,32.0,32.35,443615.0,1
76.1905,74.071,60.2626,1.3795,1.3202,-0.0593,31.9243,114.5096,30.0,80.0,33.75,34.8,33.3,33.55,247268.0,-1
79.1752,71.9421,61.9875,1.3943,1.2858,-0.1085,31.692,169.7394,40.0,0.0,34.35,34.7,33.4,33.85,416358.0,-1
66.8472,69.0128,62.7964,1.4214,1.1927,-0.2287,31.3838,183.8031,50.0,0.0,31.65,35.3,31.1,34.0,943203.0,1
69.8039,68.9691,54.1882,1.4786,1.0413,-0.4373,31.01,-12.6697,60.0,0.0,29.65,32.1,29.65,31.6,635084.0,1
70.3874,59.9201,45.9866,1.5879,1.0773,-0.5106,30.9257,-59.5029,70.0,0.0,31.85,32.3,29.0,29.85,785388.0,-1
66.7159,41.7233,56.6859,1.7156,1.2857,-0.4299,31.0794,-16.7156,80.0,10.0,31.55,32.4,30.9,31.9,318953.0,-1
42.6569,22.3832,55.08,1.823,1.3242,-0.4988,30.9622,-43.562,90.0,20.0,30.35,31.9,29.3,31.55,516875.0,1
15.7971,11.4789,48.725,1.9478,1.3898,-0.558,30.8782,-84.9253,100.0,30.0,30.7,31.0,28.15,30.25,722615.0,1
8.6954,17.3254,47.7006,2.0872,1.5857,-0.5016,30.968,-75.7322,100.0,40.0,29.85,32.25,28.95,30.05,918061.0,1
9.9442,33.1004,46.498,2.2126,1.833,-0.3797,31.0991,-82.3114,40.0,50.0,31.0,32.0,29.65,29.8,409966.0,-1
33.3365,55.7891,50.6944,2.3076,2.1474,-0.1602,31.2847,-72.0224,50.0,60.0,30.95,31.4,30.3,30.8,381882.0,-1
56.0205,70.4674,51.7881,2.3476,2.4157,0.0681,31.3539,-3.2263,0.0,70.0,35.15,35.395,30.94,31.06,779861.0,-1
78.0102,69.7161,72.1572,2.3306,2.6965,0.3659,31.3959,109.9626,0.0,80.0,35.19,35.8,34.4224,34.84,531570.0,-1
77.3715,60.4961,73.7456,2.2391,2.6308,0.3917,30.9039,172.9233,0.0,90.0,36.04,36.04,34.43,35.07,687958.0,-1
53.7667,52.0504,78.6217,2.1412,2.4853,0.3441,30.3087,280.0631,0.0,100.0,32.23,36.81,32.23,35.79,1406735.0,1
50.3502,58.0753,67.8252,2.0552,2.1901,0.1349,29.5257,33.243,0.0,40.0,30.01,31.85,29.64,31.73,537835.0,1
52.0344,64.5742,61.5902,2.0214,2.1948,0.1734,29.2108,41.2693,0.0,50.0,31.85,32.6,30.16,30.28,436576.0,-1
71.8412,71.7208,75.9285,1.9781,2.3166,0.3385,29.0581,76.6502,10.0,60.0,31.9,32.29,31.0,31.85,486917.0,-1
69.847,74.9277,75.9285,1.8935,2.2785,0.385,28.6592,85.8557,20.0,70.0,30.85,32.34,30.5542,31.85,559776.0,1
73.4743,80.5876,73.3343,1.7972,2.1967,0.3995,28.2034,86.1925,30.0,80.0,31.01,31.43,30.785,31.04,414440.0,1
81.4618,84.616,73.3023,1.6973,2.1428,0.4455,27.7981,119.224,40.0,90.0,31.53,31.98,30.9,31.03,504024.0,-1
86.8267,83.7312,79.4768,1.586,2.0439,0.4579,27.3364,166.9061,50.0,100.0,30.07,32.725,29.15,31.75,1182783.0,1
85.5596,78.7666,75.0343,1.4715,1.8146,0.3431,26.7059,187.7596,60.0,100.0,29.13,30.79,29.13,30.06,640554.0,1
78.8072,66.4315,72.4981,1.3857,1.6676,0.2819,26.2268,205.7882,70.0,100.0,28.25,30.05,28.0,29.26,876297.0,1
71.933,54.1042,67.0353,1.3152,1.5372,0.222,25.7935,128.0859,0.0,100.0,27.16,28.49,27.16,27.81,465338.0,1
48.5543,46.9186,63.4781,1.2597,1.496,0.2363,25.5054,-3.5308,0.0,60.0,26.9,27.08,25.48,27.02,249928.0,1
41.8253,55.2757,62.9775,1.2007,1.5021,0.3015,25.289,4.0739,0.0,70.0,25.82,27.25,24.55,26.91,529347.0,1
50.3763,70.7286,59.278,1.1253,1.4993,0.374,25.0575,34.4699,10.0,80.0,27.17,27.53,25.8,26.1,1016087.0,-1
73.6256,82.5952,63.6602,1.0318,1.5563,0.5246,24.9085,61.866,20.0,90.0,27.8,28.0,26.22,26.72,616002.0,-1
88.1841,85.9345,72.8902,0.9007,1.5434,0.6427,24.6497,86.8555,0.0,100.0,27.21,28.18,26.26,27.9,883843.0,-1
85.976,83.4113,70.7907,0.74,1.3843,0.6443,24.1854,94.4718,0.0,90.0,27.5,27.71,26.6,27.25,699752.0,1
83.6433,82.2369,72.7407,0.5789,1.2272,0.6483,23.7476,117.3704,10.0,100.0,25.95,28.0,25.95,27.5,877544.0,1
80.6147,83.388,68.7064,0.4168,0.9834,0.5666,23.2116,115.9352,20.0,80.0,25.74,26.3,25.38,26.2,542315.0,1
82.4528,83.7138,67.0522,0.2752,0.7903,0.5152,22.7847,164.5388,0.0,90.0,26.12,26.8699,25.18,25.71,692927.0,1
87.0965,82.3285,69.7614,0.1464,0.5823,0.4359,22.3668,195.5093,10.0,100.0,23.75,27.1,23.75,26.11,1311845.0,1
81.5922,80.519,58.16,0.0374,0.2675,0.2301,21.832,86.4637,20.0,70.0,22.99,23.31,22.095,23.06,423537.0,1
78.2967,80.8229,57.8738,-0.0201,0.1725,0.1926,21.6566,84.5221,0.0,80.0,21.9,23.02,21.46,23.0,337354.0,1
81.6681,83.5406,53.8495,-0.0683,0.0547,0.123,21.4647,91.2597,10.0,0.0,22.67,22.96,21.75,22.15,308504.0,1
82.5038,84.7087,56.718,-0.099,-0.0099,0.0891,21.3667,142.5687,20.0,10.0,22.84,23.39,22.19,22.65,687336.0,-1
86.4498,83.1784,58.2828,-0.1213,-0.143,-0.0217,21.1834,107.4459,30.0,20.0,20.83,22.96,20.23,22.93,527058.0,1
85.1727,74.004,47.769,-0.1159,-0.3394,-0.2235,20.9339,27.3331,40.0,0.0,21.5,21.59,19.75,20.66,238721.0,1
77.9128,57.6818,52.547,-0.06,-0.354,-0.294,20.973,43.3305,50.0,10.0,20.36,21.905,20.25,21.57,397236.0,1
58.9266,40.3525,45.9731,0.0135,-0.4601,-0.4736,20.8878,-9.7545,60.0,0.0,20.0,20.49,19.76,20.34,326131.0,1
36.206,25.6901,44.6835,0.1319,-0.4636,-0.5956,20.966,-50.4704,70.0,10.0,19.43,20.17,17.96,20.11,519339.0,1
25.9248,22.3113,40.3365,0.2808,-0.438,-0.7188,21.0883,-69.4634,80.0,0.0,19.1,19.66,18.79,19.33,458408.0,1
14.9395,25.5589,37.7397,0.4605,-0.3194,-0.7799,21.3395,-106.578,90.0,10.0,18.41,19.47,18.24,18.87,529402.0,1
26.0696,34.5272,33.5523,0.6555,-0.1166,-0.7721,21.6923,-195.3567,100.0,0.0,17.17,18.58,17.105,18.13,691079.0,1
35.6676,33.7204,29.3941,0.8485,0.2192,-0.6293,22.2012,-190.5131,100.0,0.0,22.95,23.545,17.31,17.41,1289775.0,-1
41.8445,26.9231,53.3473,1.0059,0.718,-0.2878,22.8856,-69.1706,100.0,10.0,22.63,23.25,21.01,23.15,656529.0,-1
23.6492,20.1001,50.3667,1.0778,0.7598,-0.318,22.8479,-103.627,80.0,0.0,22.23,22.98,21.21,22.68,487339.0,1
15.2756,22.5304,45.8629,1.1573,0.85,-0.3074,22.8719,-128.2086,90.0,10.0,21.86,23.585,21.3101,22.0,750456.0,1
21.3755,26.785,41.9594,1.2342,1.0219,-0.2123,22.9964,-189.0922,100.0,20.0,23.07,23.31,21.19,21.44,810715.0,-1
30.9401,30.628,53.9666,1.2872,1.2835,-0.0038,23.2187,-72.393,0.0,30.0,23.82,24.5299,23.35,23.36,281359.0,-1
28.0394,34.5533,58.1809,1.2882,1.4032,0.115,23.1986,-49.3312,0.0,40.0,23.96,24.34,23.361,23.9,357531.0,-1
32.9044,44.8342,57.6295,1.2594,1.4806,0.2212,23.0984,-26.2534,0.0,50.0,23.79,25.215,22.808,23.8,1318305.0,1
42.716,54.9396,58.3918,1.2041,1.568,0.3639,22.9981,7.1908,0.0,60.0,24.82,25.0,23.5,23.91,657213.0,-1
58.8822,65.7094,64.6931,1.1131,1.6456,0.5325,22.8679,58.0096,10.0,70.0,25.4,25.64,24.52,24.81,553255.0,-1
63.2207,74.5469,69.1719,0.98,1.6291,0.6491,22.5904,75.4976,20.0,80.0,24.9,25.65,24.71,25.41,365365.0,-1
75.0253,85.5899,67.6607,0.8177,1.5232,0.7055,22.1876,83.207,30.0,90.0,25.26,25.585,24.87,24.96,832755.0,1
85.3947,92.0776,70.2075,0.6414,1.4118,0.7704,21.7916,115.9268,40.0,100.0,25.9,27.3,24.52,25.33,1236975.0,-1
96.3497,95.076,78.9549,0.4488,1.2113,0.7625,21.2861,131.2584,0.0,100.0,24.01,26.56,22.0,26.54,1833863.0,1
94.4884,87.6503,70.2007,0.2581,0.8146,0.5565,20.5355,116.6345,10.0,100.0,23.89,24.0,22.67,23.37,989317.0,1
94.39,74.7026,73.3179,0.119,0.6191,0.5001,20.1306,151.883,20.0,100.0,22.72,23.8,21.5523,23.73,594297.0,1
74.0723,57.4644,70.1353,-0.006,0.324,0.3301,19.6164,219.7054,30.0,100.0,21.92,23.1,21.5,22.77,745744.0,1
55.6454,50.8953,66.9166,-0.0885,0.0404,0.129,19.1659,261.4808,0.0,100.0,18.66,22.39,18.45,21.9,851844.0,1
42.6753,53.9432,44.6323,-0.1208,-0.2336,-0.1128,18.7753,-84.8927,10.0,70.0,18.08,18.69,17.44,18.29,468916.0,1
54.3651,64.9098,43.2015,-0.0926,-0.2124,-0.1198,18.8446,-54.2949,20.0,80.0,18.62,18.81,17.55,18.14,383347.0,-1
64.7892,70.4261,45.3828,-0.0626,-0.1669,-0.1043,18.9452,50.2827,30.0,90.0,19.07,19.53,18.41,18.45,346518.0,-1
75.5752,75.2763,49.3624,-0.0366,-0.1381,-0.1015,19.016,136.1121,40.0,0.0,19.17,19.68,18.91,19.0,231462.0,-1
70.914,72.5891,48.6252,-0.0112,-0.1552,-0.144,19.0183,92.5046,50.0,0.0,18.98,19.56,18.6344,18.9,396353.0,1
79.3397,71.1519,50.1361,0.0248,-0.1646,-0.1894,19.0352,-19.4586,60.0,10.0,17.47,19.2,17.16,19.13,661162.0,1
67.5137,56.612,45.0593,0.0721,-0.1977,-0.2698,19.0216,-10.5219,70.0,20.0,19.18,19.64,18.12,18.37,563267.0,-1
66.6023,42.6665,50.4756,0.1396,-0.1597,-0.2993,19.1147,-17.2977,80.0,30.0,17.98,19.31,17.51,19.26,634556.0,1
35.7201,25.7759,40.7533,0.2144,-0.1994,-0.4138,19.094,-66.8354,90.0,0.0,18.77,19.0,17.48,17.91,802161.0,1
25.6771,20.9213,45.6526,0.3179,-0.1097,-0.4276,19.2631,-77.3477,100.0,10.0,16.96,19.375,16.54,18.73,914339.0,1
15.9306,26.3895,30.8772,0.4248,-0.0772,-0.502,19.3393,-164.3376,100.0,20.0,18.18,18.28,17.0,17.11,551030.0,1
21.1562,40.7696,36.6313,0.5503,0.1303,-0.4199,19.6577,-134.843,90.0,0.0,18.59,19.39,17.97,18.15,581154.0,-1
42.0816,56.139,38.5589,0.6553,0.2875,-0.3678,19.8731,-222.5134,100.0,0.0,18.91,19.05,17.54,18.46,946966.0,-1
59.071,61.5979,42.9559,0.7472,0.4523,-0.2949,20.075,-102.1578,20.0,0.0,20.41,20.43,18.89,19.13,304587.0,-1
67.2646,59.7294,54.5763,0.8209,0.5879,-0.233,20.21,29.3815,30.0,0.0,20.64,20.94,20.215,20.52,777316.0,-1
58.4583,54.8495,54.0939,0.8792,0.6109,-0.2682,20.1657,-27.5788,40.0,10.0,19.61,20.5,19.5512,20.46,616896.0,1
53.4652,50.8385,47.5799,0.9462,0.6375,-0.3087,20.1237,-92.6865,50.0,20.0,19.02,20.04,18.72,19.68,529026.0,1
52.6249,44.9068,50.3847,1.0234,0.7416,-0.2818,20.187,-50.0253,60.0,30.0,20.75,20.9199,19.62,20.02,518342.0,-1
46.4254,37.0248,54.834,1.0939,0.829,-0.2649,20.2109,-45.3953,70.0,0.0,19.75,20.95,19.55,20.54,650850.0,1
35.6701,32.4631,49.0742,1.1601,0.8755,-0.2846,20.1639,-101.0615,80.0,10.0,19.75,20.39,19.57,19.8,442660.0,1
28.9789,34.1981,48.8362,1.2312,0.9976,-0.2336,20.2159,-134.8727,90.0,20.0,19.53,20.4499,19.29,19.77,546460.0,1
32.7402,39.6627,46.8226,1.2896,1.1419,-0.1477,20.2796,-151.4386,100.0,30.0,21.06,21.88,17.8101,19.5,1450917.0,-1
40.8752,42.7314,56.8994,1.3266,1.337,0.0104,20.3909,-16.4976,10.0,40.0,21.77,22.14,20.22,20.85,357545.0,-1
45.3727,41.4292,64.0694,1.324,1.4291,0.1051,20.3253,71.1746,0.0,50.0,22.17,22.72,21.54,21.63,340916.0,-1
41.9461,41.7485,67.5047,1.2977,1.4464,0.1487,20.139,83.8975,0.0,60.0,21.08,23.3,20.7,21.98,631829.0,1
36.9688,49.5758,63.4194,1.2605,1.4119,0.1514,19.876,43.4991,0.0,70.0,20.89,21.58,20.77,21.17,332771.0,1
46.3307,62.6367,62.5296,1.2227,1.4298,0.2071,19.6911,54.8941,0.0,80.0,20.82,21.66,20.75,21.0,386920.0,1
65.4279,75.0369,61.2832,1.1709,1.4491,0.2782,19.5041,60.52,0.0,90.0,21.64,21.93,20.15,20.75,533588.0,-1
76.1516,77.3367,69.526,1.1013,1.4781,0.3767,19.3261,147.851,10.0,100.0,23.37,23.466,21.16,21.74,747393.0,-1
83.5312,76.7656,84.1344,1.0072,1.3928,0.3857,18.9813,207.0175,20.0,100.0,20.12,23.45,19.99,23.16,961892.0,1
72.3272,71.6863,72.1586,0.9107,1.1192,0.2084,18.3843,110.7094,30.0,100.0,19.95,20.68,19.57,19.93,459297.0,1
74.4383,71.2952,72.041,0.8586,1.0825,0.2238,18.1635,110.0486,0.0,70.0,19.18,20.24,18.92,19.91,359587.0,1
68.2934,68.5336,67.6788,0.8027,1.0219,0.2192,17.914,107.9704,10.0,80.0,19.29,19.7,19.01,19.2,421463.0,1
71.1539,66.4664,74.2906,0.7479,1.002,0.2542,17.7303,184.6172,0.0,90.0,19.07,20.27,18.62,19.65,752048.0,-1
66.1534,64.344,71.9922,0.6843,0.9163,0.232,17.4561,222.8981,0.0,100.0,18.48,20.335,17.96,19.23,1122433.0,1
62.0919,65.371,65.9999,0.6264,0.8363,0.2099,17.2026,109.2387,0.0,100.0,17.97,18.85,17.65,18.31,674970.0,1
64.7865,72.169,64.1227,0.5739,0.8157,0.2418,17.0444,49.1298,10.0,60.0,17.82,18.06,17.47,18.06,256996.0,1
69.2346,77.7719,61.7668,0.5134,0.803,0.2896,16.8994,38.8548,0.0,70.0,18.31,18.31,17.11,17.75,304822.0,-1
82.4858,80.1749,67.2823,0.441,0.8066,0.3656,16.7778,76.8327,0.0,80.0,18.06,18.49,17.37,18.18,513776.0,-1
81.5952,77.8605,66.8485,0.3496,0.7558,0.4062,16.5775,95.8433,10.0,90.0,18.38,18.49,17.78,18.11,228197.0,-1
76.4438,77.0791,70.8324,0.2481,0.687,0.439,16.3586,103.3197,0.0,100.0,17.56,18.6,17.31,18.44,310890.0,1
75.5425,79.7345,66.284,0.1383,0.5557,0.4173,16.0613,86.614,0.0,100.0,17.28,18.33,16.77,17.61,961783.0,1
79.251,81.653,64.0339,0.034,0.4644,0.4304,15.84,93.1425,10.0,100.0,17.82,18.31,17.01,17.24,489529.0,-1
84.4101,81.0355,70.944,-0.0736,0.3789,0.4525,15.64,104.9533,20.0,100.0,17.09,18.09,16.46,17.84,560149.0,1
81.298,79.5947,67.6445,-0.1867,0.2031,0.3899,15.3257,112.1687,30.0,100.0,16.21,17.9,16.21,17.21,402068.0,1
77.3985,74.4714,62.1127,-0.2842,0.04,0.3242,15.0566,92.4417,40.0,90.0,16.47,16.64,15.52,16.31,405180.0,1
80.0876,68.6265,63.972,-0.3652,-0.0772,0.2881,14.8775,144.8151,50.0,100.0,15.83,17.25,15.65,16.48,406810.0,1
65.9282,54.8978,59.6206,-0.4373,-0.243,0.1943,14.6486,148.4224,60.0,90.0,16.27,16.6399,15.43,15.8,776628.0,1
59.8635,42.3334,64.7999,-0.4858,-0.3817,0.1041,14.4841,128.9446,70.0,100.0,13.39,16.95,13.1405,16.3,1043050.0,1
38.9015,28.9584,35.4087,-0.5119,-0.6043,-0.0924,14.2247,-80.9354,80.0,10.0,13.63,14.04,13.16,13.39,316790.0,1
28.235,22.7766,39.0379,-0.4888,-0.5832,-0.0944,14.3439,-59.9053,90.0,20.0,13.2,14.6999,13.14,13.75,393108.0,1
19.7385,22.2802,27.744,-0.4652,-0.5845,-0.1193,14.4288,-148.7728,100.0,30.0,13.24,14.12,12.56,13.14,548770.0,1
20.3563,29.307,28.3642,-0.4353,-0.5155,-0.0802,14.6129,-152.5173,100.0,40.0,13.91,14.21,13.07,13.22,487286.0,-1
26.7457,43.1001,36.663,-0.4153,-0.4281,-0.0128,14.8118,-94.902,20.0,0.0,14.14,14.6,13.62,14.12,380561.0,-1
40.819,61.5944,38.4636,-0.4121,-0.402,0.0101,14.9107,-82.32,30.0,0.0,14.42,14.65,13.92,14.28,556500.0,-1
61.7356,75.2347,40.713,-0.4146,-0.379,0.0356,15.0008,-27.5188,40.0,0.0,14.96,15.16,14.3,14.48,331100.0,-1
82.2287,76.9189,47.4571,-0.4235,-0.3646,0.0589,15.0752,20.9197,50.0,10.0,15.11,15.28,14.57,15.02,374000.0,-1
81.7398,64.7961,49.3652,-0.4382,-0.3959,0.0423,15.0831,50.0191,60.0,20.0,15.23,15.26,14.85,15.16,395400.0,-1
66.7881,45.3393,49.4931,-0.4488,-0.4444,0.0044,15.0721,72.9386,70.0,30.0,15.16,15.41,14.99,15.17,280900.0,1
45.8603,32.3764,46.8921,-0.4499,-0.5008,-0.0509,15.0581,-12.0986,80.0,0.0,14.45,15.09,14.154,14.96,361900.0,1
23.3695,31.6963,39.4023,-0.4372,-0.5441,-0.1069,15.0721,-97.7262,90.0,0.0,14.12,14.624,14.0,14.4,435200.0,1
27.8992,47.6908,33.8553,-0.4105,-0.5344,-0.1239,15.1681,-193.1515,100.0,10.0,14.2,14.62,13.5,14.03,654300.0,1
43.8201,60.1236,35.4332,-0.3795,-0.4766,-0.0971,15.3307,-160.7408,0.0,20.0,15.04,15.05,14.18,14.23,285900.0,-1
71.353,65.0006,43.3417,-0.3552,-0.4163,-0.0611,15.4879,45.723,10.0,30.0,15.44,15.56,14.85,15.1,291400.0,-1
65.1978,58.2202,44.8967,-0.34,-0.4218,-0.0819,15.5433,56.7417,20.0,0.0,15.53,15.64,14.62,15.25,541000.0,-1
58.4511,57.1548,47.3425,-0.3195,-0.438,-0.1186,15.5852,64.7036,30.0,0.0,14.7,15.65,14.66,15.49,360900.0,1
51.0117,58.488,38.4092,-0.2898,-0.4768,-0.187,15.5988,-41.718,40.0,10.0,14.99,15.14,14.41,14.78,458600.0,1
62.0016,58.9742,40.2258,-0.2431,-0.447,-0.2039,15.7158,-31.4472,50.0,0.0,15.09,15.41,14.5801,14.99,691900.0,-1
62.4507,49.5241,40.5546,-0.1921,-0.4239,-0.2318,15.8195,-46.0975,60.0,0.0,15.13,15.55,14.2,15.03,759000.0,-1
52.4704,34.7231,41.548,-0.1342,-0.3923,-0.2581,15.9323,-41.8318,70.0,10.0,15.7,15.7,14.57,15.16,730200.0,-1
33.6513,19.5573,45.3133,-0.0696,-0.3595,-0.2899,16.0426,-33.5639,80.0,0.0,15.2,15.76,15.05,15.65,503300.0,1
18.0476,12.6802,40.1313,0.0028,-0.3623,-0.3651,16.0987,-77.0784,90.0,10.0,14.2,15.19,14.15,15.13,625500.0,1
6.9729,15.5678,30.8289,0.0941,-0.3077,-0.4018,16.2371,-131.9462,100.0,20.0,14.2,14.705,13.75,14.31,708300.0,1
13.0202,22.4988,28.6383,0.1946,-0.15,-0.3445,16.5124,-202.7311,100.0,30.0,14.45,14.66,13.82,14.13,750000.0,-1
26.7102,25.7288,30.941,0.2807,0.0719,-0.2088,16.8527,-222.9753,100.0,40.0,16.89,17.3,14.58,14.6,920900.0,-1
27.766,19.6613,46.5736,0.3329,0.3061,-0.0268,17.1745,-113.9186,90.0,50.0,17.39,17.84,16.65,16.78,332700.0,-1
22.7102,19.8304,53.4913,0.3396,0.3786,0.039,17.2309,-119.7999,100.0,60.0,17.28,17.69,16.0001,17.4,319700.0,-1
8.5078,28.1436,50.2749,0.3299,0.4025,0.0726,17.2067,-32.0738,0.0,70.0,17.32,18.44,17.03,17.1,453400.0,1
28.2732,50.7947,54.5777,0.3117,0.4577,0.146,17.222,15.0273,10.0,80.0,17.4,18.45,17.4,17.48,554300.0,-1
47.6499,69.7672,52.6585,0.2752,0.4829,0.2077,17.1851,10.2562,0.0,90.0,18.15,18.38,17.19,17.28,389100.0,-1
76.461,83.5064,63.0959,0.2233,0.5283,0.305,17.1716,91.1214,0.0,100.0,18.37,18.93,18.09,18.15,580800.0,-1
85.1908,86.449,64.2822,0.1471,0.49,0.343,17.0318,98.0279,0.0,90.0,18.43,18.61,17.815,18.24,663100.0,-1
88.8674,83.215,69.3686,0.0613,0.4249,0.3636,16.8592,137.5611,10.0,100.0,17.99,18.86,17.76,18.63,427600.0,1
85.2887,79.2985,65.9489,-0.0296,0.2958,0.3254,16.6062,129.3935,0.0,100.0,18.11,18.38,17.5,18.08,666200.0,1
75.4888,74.3595,64.044,-0.1109,0.1828,0.2938,16.3957,126.508,10.0,100.0,17.18,18.15,16.823,17.79,449500.0,1
77.118,74.6135,60.0179,-0.1844,0.0655,0.2498,16.1965,104.279,20.0,80.0,16.66,17.39,16.4,17.21,284300.0,1
70.4715,69.8289,55.2779,-0.2468,-0.0262,0.2206,16.0517,108.8427,30.0,90.0,17.41,17.61,16.12,16.6,661100.0,-1
76.251,63.7046,64.141,-0.302,-0.0808,0.2212,15.9734,153.5658,40.0,100.0,16.12,17.65,15.61,17.39,903200.0,1
62.7642,51.0344,53.7498,-0.3573,-0.2297,0.1276,15.771,111.0798,50.0,90.0,16.55,16.8,16.05,16.16,383700.0,1
52.0988,41.7881,57.0138,-0.3892,-0.2912,0.098,15.7154,129.5499,0.0,100.0,15.42,17.0,15.35,16.43,606200.0,1
38.2403,39.6877,47.045,-0.4137,-0.3929,0.0208,15.6133,7.2002,0.0,60.0,15.13,15.98,15.04,15.5,693900.0,1
35.0254,48.4514,41.5341,-0.4189,-0.4223,-0.0035,15.6295,-45.4149,0.0,70.0,15.16,15.305,14.85,15.08,572700.0,1
45.7974,63.6555,42.7741,-0.418,-0.411,0.007,15.708,-5.7474,10.0,80.0,15.4,15.4,14.96,15.21,307800.0,-1
64.5316,78.5809,43.6769,-0.4198,-0.4037,0.016,15.7792,23.2747,0.0,90.0,15.89,16.215,14.51,15.31,649800.0,-1
80.6375,87.8465,48.7723,-0.4238,-0.3988,0.0249,15.8462,86.8739,10.0,0.0,16.09,16.48,15.53,15.86,796100.0,-1
90.5737,92.551,51.3195,-0.43,-0.4427,-0.0127,15.8442,103.2763,20.0,0.0,16.04,16.24,15.51,16.12,650700.0,-1
92.3282,86.2364,50.1479,-0.4268,-0.5188,-0.092,15.8048,68.0432,30.0,10.0,15.77,16.28,15.51,15.99,481400.0,1
94.751,69.5145,47.7083,-0.4038,-0.5952,-0.1914,15.7784,21.9172,40.0,20.0,15.4,15.9221,15.09,15.71,688300.0,1
71.6301,42.531,44.6617,-0.356,-0.6554,-0.2995,15.7881,-9.2797,50.0,0.0,15.26,15.416,14.88,15.36,655500.0,1
42.1623,21.9155,43.82,-0.2811,-0.6872,-0.4061,15.8493,-27.8251,60.0,10.0,14.36,15.33,14.344,15.26,1065700.0,1
13.8008,10.3049,35.9264,-0.1796,-0.7076,-0.528,15.9335,-64.8361,70.0,20.0,13.86,14.86,13.661,14.36,1124300.0,1
9.7834,12.1768,31.499,-0.0476,-0.6316,-0.584,16.1583,-96.606,80.0,30.0,14.06,14.2696,13.55,13.9,770500.0,1
7.3306,21.1089,32.0185,0.0984,-0.4786,-0.577,16.4809,-127.4289,90.0,40.0,13.93,14.19,13.795,14.02,882000.0,1
19.4164,35.8943,31.4248,0.2426,-0.2887,-0.5313,16.8324,-206.4744,100.0,0.0,13.59,14.29,13.49,13.95,1474200.0,1
36.5797,41.9728,31.4955,0.3755,-0.0349,-0.4103,17.2442,-264.6571,100.0,0.0,17.25,17.5,13.91,13.97,2405300.0,-1
51.6869,41.1562,48.7154,0.4781,0.2876,-0.1905,17.712,-23.7221,70.0,0.0,17.84,18.26,17.38,17.46,370900.0,-1
37.6518,34.0373,51.1683,0.5257,0.3396,-0.1861,17.7479,-52.8856,80.0,10.0,17.57,17.89,17.16,17.8,531200.0,-1
34.13,32.4799,48.7071,0.5722,0.3664,-0.2058,17.7405,-90.4504,90.0,20.0,16.49,17.66,16.49,17.44,741100.0,1
30.3299,27.3413,41.1427,0.6237,0.4319,-0.1918,17.7834,-98.9294,100.0,30.0,18.34,18.76,16.29,16.42,1107700.0,-1
32.9797,21.7506,52.9176,0.6716,0.6131,-0.0585,17.9782,-40.8332,60.0,40.0,18.45,18.71,18.08,18.13,443300.0,-1
18.7143,14.2348,55.6856,0.6862,0.6614,-0.0248,17.9565,-51.7732,0.0,50.0,17.7,18.46,17.5,18.46,387500.0,1
13.5579,19.4527,50.6913,0.6924,0.6798,-0.0126,17.8846,-67.8459,10.0,60.0,17.5,18.03,17.5,17.75,465500.0,1
10.4323,34.9782,49.1662,0.6956,0.7657,0.0702,17.9038,-54.6509,20.0,70.0,18.02,18.169,17.51,17.54,414700.0,-1
34.3681,62.0222,52.3587,0.678,0.8856,0.2076,17.9558,-25.3652,0.0,80.0,17.53,19.0,17.24,18.0,1095700.0,1
60.1344,83.0675,49.7409,0.6261,0.9789,0.3528,17.9495,10.6975,0.0,90.0,20.34,20.71,17.45,17.59,1356000.0,-1
91.5642,94.7132,75.5205,0.5379,1.1255,0.5876,18.0009,101.7464,0.0,100.0,20.98,21.1,20.13,20.42,777800.0,-1
97.5039,95.7983,80.8509,0.391,1.0081,0.6171,17.6553,129.1122,0.0,100.0,20.75,20.97,19.8001,20.82,832700.0,-1
95.0715,91.152,80.4789,0.2367,0.8029,0.5661,17.2032,167.2648,0.0,100.0,19.54,20.79,19.52,20.7,853800.0,1
94.8193,88.3691,75.7428,0.0952,0.5415,0.4462,16.7036,157.4487,10.0,100.0,18.09,19.45,17.77,19.36,1701600.0,1
83.5652,84.642,70.562,-0.0163,0.3363,0.3527,16.3241,164.1721,20.0,100.0,18.24,18.56,17.8601,18.28,1012100.0,1
86.7227,88.1105,68.4868,-0.1045,0.1796,0.2841,16.0447,141.3732,30.0,100.0,16.45,17.97,15.99,17.91,1440400.0,1
83.6381,89.459,56.3657,-0.1756,0.0146,0.1902,15.7783,98.0096,40.0,100.0,16.77,16.97,16.0,16.29,682900.0,1
93.9707,88.3226,62.8078,-0.2231,-0.0312,0.1919,15.7052,144.4027,50.0,100.0,16.31,16.79,16.18,16.77,686300.0,-1
90.7681,78.5511,57.6327,-0.2711,-0.1382,0.1329,15.553,122.6976,60.0,100.0,15.97,16.49,15.844,16.2,1180700.0,1
80.2289,60.5071,55.5834,-0.3043,-0.2146,0.0897,15.4606,92.6398,70.0,10.0,15.69,16.1,15.69,15.99,584400.0,1
64.6564,41.9522,53.4609,-0.3267,-0.2877,0.039,15.385,59.1009,80.0,20.0,15.1,15.9706,15.1,15.77,697400.0,1
36.6361,25.9512,45.8377,-0.3365,-0.3544,-0.0179,15.33,-67.4807,90.0,30.0,14.9301,15.29,14.4,15.05,578200.0,1
24.5641,24.4899,44.9357,-0.332,-0.361,-0.029,15.37,-107.2594,100.0,40.0,14.45,15.41,14.05,14.97,438200.0,1
16.6534,31.4374,38.0928,-0.3247,-0.3561,-0.0314,15.4271,-196.0275,100.0,50.0,15.0694,15.13,14.28,14.38,568800.0,-1
32.2522,47.7259,45.003,-0.3169,-0.2846,0.0323,15.5767,-48.7528,20.0,0.0,15.2,15.53,14.95,15.19,404200.0,-1
45.4066,60.2876,44.7804,-0.325,-0.2716,0.0533,15.6319,-39.6517,30.0,10.0,15.55,15.82,14.9,15.17,512500.0,-1
65.5189,62.4673,48.5855,-0.3383,-0.2491,0.0892,15.6979,-7.5818,40.0,20.0,15.75,15.97,15.33,15.6,357700.0,-1
69.9373,50.2966,49.555,-0.3606,-0.2605,0.1001,15.7119,-8.6897,50.0,30.0,15.86,16.1,15.435,15.71,510600.0,-1
51.9457,31.7206,52.8327,-0.3856,-0.2825,0.1031,15.7122,-3.443,60.0,40.0,15.5,16.3299,15.37,16.09,616500.0,-1
29.0069,18.8287,48.562,-0.4114,-0.3451,0.0663,15.6582,-56.2676,70.0,50.0,14.87,15.65,14.8,15.56,501400.0,1
14.2094,12.5561,43.3345,-0.428,-0.3661,0.0619,15.6723,-84.8441,80.0,60.0,15.34,15.3515,14.82,14.96,479100.0,1
13.2699,18.2607,45.4839,-0.4435,-0.3264,0.1171,15.774,-72.9445,0.0,70.0,15.53,15.97,14.79,15.27,453700.0,-1
10.1891,32.9645,46.6253,-0.4727,-0.3026,0.1702,15.846,-71.4924,10.0,80.0,14.95,15.7,14.78,15.44,689400.0,1
31.3231,58.4544,42.8275,-0.5153,-0.2851,0.2302,15.904,-91.1264,0.0,90.0,15.0,15.33,14.85,14.94,634700.0,1
57.3813,77.6997,44.0112,-0.5728,-0.2077,0.3652,16.0417,-9.7563,0.0,100.0,17.81,17.9,14.96,15.15,2051600.0,-1
86.6588,85.26,60.9888,-0.6641,-0.1273,0.5369,16.1691,112.5447,10.0,100.0,17.12,17.9,17.1,17.5,626000.0,-1
89.0589,83.4021,58.9256,-0.7984,-0.262,0.5363,15.979,109.9891,20.0,90.0,17.39,17.49,16.52,17.16,745800.0,1
80.0623,77.6059,61.9616,-0.9324,-0.3956,0.5368,15.8103,152.7717,30.0,100.0,17.07,17.68,16.21,17.51,750500.0,-1
81.0851,76.6012,60.6585,-1.0666,-0.596,0.4706,15.5675,167.7519,40.0,100.0,15.38,17.49,15.33,17.26,665100.0,1
71.6703,69.8892,49.4338,-1.1843,-0.8177,0.3666,15.3257,99.2226,50.0,20.0,16.2,16.24,15.31,15.46,289900.0,1
77.0482,62.7091,56.1641,-1.2759,-0.9055,0.3705,15.3065,154.3926,0.0,30.0,14.98,16.375,14.925,16.3,1123200.0,1
60.9492,46.68,45.3154,-1.3685,-1.0899,0.2787,15.1646,46.8777,10.0,40.0,15.1,15.535,14.7,14.94,632900.0,1
50.1298,35.8424,46.4567,-1.4382,-1.1709,0.2674,15.1967,65.2779,20.0,50.0,15.23,15.42,14.84,15.09,309500.0,-1
28.9609,31.8158,46.5975,-1.5051,-1.2725,0.2326,15.2119,71.1325,30.0,0.0,14.61,15.75,14.38,15.11,861700.0,1
28.4364,42.6351,42.0094,-1.5632,-1.3857,0.1775,15.2265,-49.5988,40.0,10.0,14.02,14.7,13.5301,14.53,1005000.0,1
38.05,51.9505,35.9464,-1.6076,-1.4511,0.1565,15.326,-72.1764,50.0,20.0,14.87,14.87,13.6075,13.82,665900.0,-1
61.4187,54.4942,41.0618,-1.6467,-1.4411,0.2056,15.5411,-20.9707,60.0,30.0,15.2,15.5899,14.43,14.76,884100.0,-1
56.3826,40.8631,43.8713,-1.6981,-1.503,0.1951,15.6527,16.8428,70.0,0.0,15.12,16.75,14.86,15.23,1179800.0,-1
45.6811,26.7551,43.0505,-1.7469,-1.6081,0.1388,15.7131,-35.4102,80.0,10.0,14.38,15.47,14.11,15.12,801800.0,1
20.5256,13.5145,38.0071,-1.7816,-1.7077,0.0739,15.7978,-61.4864,90.0,20.0,14.25,15.14,14.24,14.44,1004700.0,1
14.0584,16.7833,36.4427,-1.8,-1.7407,0.0594,15.9918,-127.3281,100.0,30.0,13.24,14.28,12.96,14.23,2659000.0,1
5.9596,28.1727,29.4199,-1.8149,-1.7361,0.0788,16.2435,-180.3355,100.0,40.0,14.45,14.65,13.25,13.31,2187400.0,-1
30.332,47.6291,33.2676,-1.8346,-1.6112,0.2234,16.6626,-174.1836,100.0,50.0,15.55,15.77,13.91,14.38,1367600.0,-1
48.2264,59.3303,38.6701,-1.8904,-1.5375,0.353,16.9886,-11.1348,30.0,60.0,17.3,17.53,15.57,15.65,921400.0,-1
64.3288,68.6967,47.9386,-1.9787,-1.5502,0.4285,17.1799,104.9741,40.0,0.0,16.81,17.47,16.5101,17.33,932600.0,-1
65.4355,75.2354,44.595,-2.0858,-1.715,0.3708,17.1584,28.4875,50.0,0.0,16.17,16.91,15.82,16.86,428000.0,1
76.3259,75.3228,39.048,-2.1785,-1.8526,0.3259,17.2011,-7.2762,60.0,0.0,17.11,17.11,15.78,16.12,604400.0,-1
83.9449,65.0735,44.0951,-2.26,-1.9259,0.3341,17.3555,62.9776,70.0,0.0,17.14,17.86,16.83,17.06,523600.0,-1
65.6977,47.8884,45.1569,-2.3435,-2.0871,0.2564,17.3977,19.0869,80.0,0.0,16.44,17.27,15.92,17.25,470400.0,1
45.578,35.7711,39.4982,-2.4076,-2.2819,0.1257,17.4188,-48.3613,90.0,10.0,15.01,16.8,14.86,16.43,745100.0,1
32.3896,27.1939,28.7697,-2.439,-2.4138,0.0252,17.5601,-106.6108,100.0,20.0,16.0,16.88,14.25,15.1,1538200.0,1
29.3458,25.0775,32.4712,-2.4453,-2.4116,0.0337,17.9115,-80.054,90.0,30.0,15.52,16.44,14.99,16.05,780000.0,-1
19.8464,28.628,31.4688,-2.4537,-2.4705,-0.0168,18.1774,-87.5934,100.0,40.0,15.36,16.71,14.6,15.93,861300.0,1
26.0403,41.8511,27.5999,-2.4495,-2.4975,-0.048,18.4985,-103.197,100.0,0.0,16.9,17.17,14.95,15.45,889100.0,-1
39.9973,55.7035,33.059,-2.4376,-2.4468,-0.0093,18.934,-0.5389,40.0,10.0,17.66,17.93,16.77,17.01,421200.0,-1
59.5157,61.4879,35.4888,-2.4352,-2.5053,-0.0701,19.2089,-3.6762,50.0,0.0,17.07,18.32,16.77,17.61,874600.0,-1
67.5973,54.3382,33.3581,-2.4177,-2.6047,-0.187,19.4373,-19.9731,60.0,0.0,17.74,18.39,17.07,17.32,911800.0,-1
57.3506,36.0248,35.2362,-2.371,-2.6641,-0.2931,19.7397,-26.1067,70.0,10.0,18.51,18.53,16.85,17.84,1376200.0,-1
38.0666,19.1308,36.4804,-2.2977,-2.754,-0.4564,20.0111,-26.3315,80.0,0.0,17.05,19.06,16.92,18.19,1296800.0,1
12.6571,8.2973,29.1465,-2.1836,-2.8645,-0.6809,20.2713,-67.6717,90.0,10.0,16.2,17.44,15.93,17.05,2009800.0,1
6.6687,9.7719,21.4891,-2.0134,-2.8477,-0.8343,20.7315,-113.2553,100.0,0.0,15.53,16.07,15.12,15.98,1379200.0,1
5.566,13.0585,17.6724,-1.8048,-2.6759,-0.8711,21.4102,-153.8259,100.0,0.0,16.76,16.84,15.34,15.47,1735500.0,-1
17.0811,21.1018,20.2426,-1.587,-2.3658,-0.7788,22.2588,-194.5287,90.0,0.0,16.99,17.47,16.75,16.95,1971900.0,-1
16.5285,22.8913,20.3325,-1.3923,-2.0862,-0.6939,23.0173,-224.2872,100.0,0.0,21.49,22.81,16.47,17.0,5613800.0,-1
29.6957,26.8131,31.6003,-1.2188,-1.7041,-0.4853,23.8769,-128.1369,100.0,0.0,20.7,21.5,20.17,21.46,896800.0,-1
22.4497,22.3549,29.0617,-1.0975,-1.6458,-0.5483,24.2221,-93.2049,100.0,0.0,22.54,23.03,20.99,21.14,1368200.0,-1
28.2939,21.3476,33.4226,-0.9604,-1.5148,-0.5544,24.6624,-75.6464,100.0,0.0,21.79,23.2,21.171,22.39,1348300.0,-1
16.3211,18.9821,31.1924,-0.8218,-1.4529,-0.6311,24.9871,-84.3644,60.0,0.0,22.6,23.03,21.94,22.09,632500.0,-1
19.4278,21.1446,33.265,-0.664,-1.3222,-0.6581,25.4009,-76.4934,70.0,10.0,22.56,23.73,22.415,22.71,811600.0,-1
21.1975,22.5741,30.1666,-0.4995,-1.1992,-0.6997,25.7853,-117.7793,80.0,0.0,22.91,23.0,21.81,22.25,1360400.0,1
22.8084,24.3589,32.4037,-0.3246,-0.978,-0.6534,26.2904,-127.6682,90.0,0.0,23.56,23.744,22.47,23.01,1549200.0,-1
23.7164,27.1221,34.1743,-0.1612,-0.7588,-0.5976,26.759,-157.3238,100.0,10.0,24.05,24.39,21.7,23.6,3346800.0,-1
26.5519,32.915,35.879,-0.0118,-0.528,-0.5162,27.2103,-145.1477,100.0,20.0,25.48,26.09,23.23,24.17,2970600.0,-1
31.098,36.5942,40.8682,0.1172,-0.2839,-0.4011,27.6446,-128.8662,70.0,30.0,26.21,26.5,25.02,25.72,721700.0,-1
41.0951,38.6563,42.7675,0.2175,-0.1259,-0.3434,27.9196,-133.7113,80.0,40.0,26.25,27.2,25.26,26.27,1139000.0,-1
37.5895,33.4911,41.5677,0.3033,0.0215,-0.2818,28.1552,-139.9525,90.0,50.0,28.41,28.41,25.82,26.0,1336400.0,-1
37.2842,31.8866,50.5373,0.3738,0.2369,-0.1369,28.4631,-118.0143,100.0,60.0,27.52,29.0,24.3,28.54,3891300.0,-1
25.5998,38.0297,48.366,0.408,0.2497,-0.1584,28.4522,-6.3416,20.0,70.0,28.0,29.65,27.51,27.99,1556500.0,1
32.7759,54.8378,48.8573,0.4476,0.3184,-0.1292,28.5182,-54.23,30.0,0.0,27.63,29.13,26.63,28.13,1294300.0,1
55.7134,67.8955,46.4806,0.4799,0.3872,-0.0927,28.5736,-48.534,40.0,0.0,29.0,29.98,27.1,27.45,1123500.0,-1
76.024,66.8515,51.0664,0.5031,0.5387,0.0356,28.7342,33.4151,50.0,0.0,31.05,31.8,28.7501,28.91,833800.0,-1
71.949,52.7046,55.6342,0.4942,0.5755,0.0813,28.709,21.1534,0.0,10.0,29.32,30.35,28.8,30.26,589100.0,1
52.5815,36.1382,53.499,0.4739,0.4766,0.0027,28.4875,-12.7088,10.0,20.0,28.39,29.54,27.135,29.49,844500.0,1
33.5832,28.3596,49.6775,0.4732,0.422,-0.0513,28.3442,-51.131,0.0,30.0,27.88,28.3,26.26,28.14,1592000.0,1
22.2499,30.4952,50.7054,0.486,0.4835,-0.0025,28.3734,-9.2233,0.0,40.0,28.7,29.45,26.95,28.51,924000.0,-1
29.2456,44.7862,49.8985,0.4867,0.5173,0.0306,28.3539,-6.3707,10.0,50.0,27.68,29.45,26.21,28.19,1112300.0,1
39.9901,59.8271,45.8068,0.479,0.5855,0.1065,28.3773,-8.6477,20.0,60.0,30.03,30.19,26.42,26.55,720100.0,-1
65.123,71.7991,55.721,0.4524,0.831,0.3787,28.6384,68.6417,30.0,70.0,30.08,31.63,29.13,30.52,1063800.0,-1
74.3682,75.2074,55.0371,0.3577,0.7281,0.3704,28.3696,87.5249,40.0,80.0,31.59,32.0,29.11,30.21,861100.0,-1
75.9061,70.9659,59.2052,0.2651,0.6178,0.3527,28.1067,156.6482,50.0,90.0,32.0,34.0,28.86,31.78,1737300.0,-1
75.348,63.175,62.5737,0.1769,0.308,0.1311,27.5819,242.2564,60.0,100.0,26.54,34.5,26.492,33.02,2172900.0,1
61.6436,51.4171,48.2283,0.1442,-0.218,-0.3622,26.805,15.2442,70.0,50.0,27.31,27.73,24.37,26.31,725300.0,1
52.5333,49.9981,50.9249,0.2347,-0.2031,-0.4378,26.8757,93.598,80.0,0.0,25.95,28.2099,25.6235,27.34,724700.0,1
40.0743,54.0976,45.3142,0.3441,-0.2859,-0.6301,26.8094,-93.9217,90.0,0.0,24.13,26.31,22.67,25.24,1276900.0,1
57.3865,60.5705,42.7032,0.5017,-0.1737,-0.6754,27.0336,-117.3932,100.0,10.0,26.0,26.8,21.69,24.31,1144500.0,-1
64.8319,55.1491,45.8377,0.6705,0.0667,-0.6037,27.4227,-22.5994,40.0,20.0,28.47,29.11,24.76,25.79,1016700.0,-1
59.4932,42.0852,53.9253,0.8214,0.222,-0.5994,27.6559,19.2031,50.0,0.0,26.08,29.19,25.3201,29.15,1095700.0,-1
41.1222,32.12,45.9564,0.9713,0.0748,-0.8965,27.4425,-59.3514,60.0,10.0,23.96,27.29,23.96,26.03,850900.0,1
25.6403,24.2241,42.1155,1.1954,0.2035,-0.9919,27.6443,-69.5889,70.0,20.0,27.99,28.44,24.3,24.7,1014900.0,-1
29.5977,25.1536,48.4271,1.4434,0.5003,-0.9431,28.0649,-74.5619,80.0,30.0,24.67,27.55,23.71,27.41,1118000.0,1
17.4342,27.5577,37.6233,1.6792,0.5958,-1.0833,28.1585,-139.1329,90.0,40.0,26.6,27.42,23.79,23.93,1158800.0,1
28.4289,37.825,43.2465,1.95,1.0635,-0.8865,28.7625,-181.898,100.0,0.0,23.78,27.68,22.8,26.33,2242700.0,1
36.81,48.3127,38.4889,2.1716,1.4005,-0.7711,29.11,-176.0224,100.0,10.0,30.83,31.46,24.26,24.95,2139100.0,-1
48.2361,54.3687,54.0662,2.3644,1.9508,-0.4136,29.7043,19.0091,50.0,20.0,30.02,33.24,29.93,30.22,1778900.0,-1
59.892,55.4583,55.643,2.4678,2.0882,-0.3796,29.6306,-52.1573,60.0,30.0,29.3,30.8,27.87,30.63,1195400.0,1
54.9781,44.1362,52.3155,2.5627,2.1915,-0.3712,29.4879,-67.4149,70.0,40.0,31.39,31.46,27.85,29.54,1623700.0,-1
51.5048,33.1812,61.2723,2.6555,2.4025,-0.253,29.4804,71.8664,80.0,50.0,30.81,33.26,30.81,31.9,886100.0,-1
25.9257,25.7082,58.0395,2.7187,2.3965,-0.3222,29.1348,-18.2483,90.0,60.0,29.61,31.07,29.24,30.72,1013300.0,1
22.1132,37.4586,54.8487,2.7993,2.4742,-0.3251,28.9083,-65.2577,0.0,70.0,27.36,32.45,26.8523,29.61,2187000.0,1
29.0856,55.3665,47.8374,2.8806,2.6503,-0.2302,28.8081,-104.1698,10.0,80.0,30.53,31.71,27.26,27.43,1110400.0,-1
61.1771,74.38,58.9478,2.9381,3.0586,0.1205,29.0049,20.9936,20.0,90.0,31.32,31.904,29.7,30.37,834300.0,-1
75.8368,78.9862,66.1428,2.908,3.2358,0.3278,28.8099,134.9766,0.0,100.0,34.75,35.6,31.8,31.9,1227900.0,-1
86.126,79.1355,79.4308,2.8261,3.2592,0.4331,28.3685,134.8065,0.0,100.0,30.37,34.34,30.06,34.23,1403000.0,1
74.9958,77.0552,72.5222,2.7178,3.0044,0.2866,27.5311,62.8877,0.0,70.0,30.51,31.51,27.82,30.99,907600.0,1
76.2848,82.3225,71.9464,2.6461,2.9654,0.3192,27.037,84.8399,10.0,80.0,29.41,31.77,29.0,30.77,1246800.0,1
79.885,87.0702,68.4278,2.5663,2.8948,0.3285,26.5037,82.3096,0.0,90.0,30.16,30.97,28.62,29.47,947000.0,1
90.7979,90.9548,75.7265,2.4842,2.895,0.4108,26.08,117.0273,10.0,100.0,29.9,31.95,28.51,30.58,1156100.0,-1
90.5278,89.9079,77.2634,2.3815,2.7401,0.3586,25.4371,154.9919,20.0,100.0,29.49,31.29,28.42,30.81,727300.0,1
91.5386,83.4242,75.6175,2.2918,2.4792,0.1874,24.6696,147.4602,30.0,100.0,26.5,30.16,24.88,29.96,1585800.0,1
87.6573,67.521,67.1261,2.245,2.1966,-0.0484,23.9138,121.4345,40.0,100.0,27.12,27.88,26.29,26.59,779800.0,1
71.0767,48.3097,69.3181,2.2571,2.1471,-0.11,23.5315,125.7412,50.0,100.0,25.66,27.09,25.23,26.93,811800.0,1
43.8291,36.173,65.1282,2.2846,2.0181,-0.2665,23.046,69.7911,60.0,40.0,23.15,26.2,23.14,25.54,850700.0,1
30.0234,38.0987,54.2455,2.3512,1.9656,-0.3856,22.6897,-116.0822,0.0,50.0,21.94,22.9,21.61,22.85,921500.0,1
34.6667,48.2158,51.1875,2.4476,2.1438,-0.3038,22.6668,-105.7838,0.0,60.0,23.81,23.84,21.49,22.25,645400.0,-1
49.606,61.1976,59.9643,2.5236,2.4013,-0.1223,22.7263,6.0818,0.0,70.0,23.86,24.98,22.59,23.71,999700.0,-1
60.3746,69.113,59.837,2.5541,2.5463,-0.0078,22.5858,-6.2868,0.0,80.0,24.3,24.51,21.48,23.68,1003200.0,-1
73.6122,71.322,68.6106,2.5561,2.6974,0.1413,22.4295,81.2168,10.0,90.0,25.53,26.036,24.28,25.02,845700.0,-1
73.3521,70.5921,71.6445,2.5208,2.7146,0.1938,22.0594,114.5239,20.0,100.0,25.58,26.48,24.55,25.45,667800.0,-1
67.0016,71.3198,71.2722,2.4723,2.6533,0.181,21.575,124.363,30.0,100.0,24.67,26.24,23.55,25.31,1413700.0,1
71.4225,69.3852,64.9046,2.4271,2.5507,0.1236,21.0415,72.1476,40.0,80.0,22.94,24.87,22.81,23.16,897900.0,1
75.5353,57.0268,64.3085,2.3962,2.6015,0.2054,20.7388,90.2454,50.0,90.0,25.05,25.05,22.92,22.98,632800.0,-1
61.1978,36.728,77.7845,2.3448,2.6469,0.3021,20.4186,139.2,0.0,100.0,22.69,25.18,22.02,25.02,1254700.0,1
34.3471,28.7468,72.1771,2.2693,2.4587,0.1894,19.7613,42.4246,0.0,60.0,20.53,23.27,20.53,22.84,1385700.0,1
14.6391,38.1105,63.2049,2.2219,2.4046,0.1826,19.3215,-33.2593,0.0,70.0,20.61,20.77,20.2,20.5,441900.0,1
37.2543,63.4755,63.7186,2.1763,2.5388,0.3625,19.1531,-1.7476,0.0,80.0,20.44,21.35,19.96,20.565,1123900.0,1
62.4382,82.6596,63.0745,2.0857,2.6666,0.5809,18.9514,31.5979,0.0,90.0,23.57,23.65,19.89,20.41,2307500.0,-1
90.7339,93.885,90.2335,1.9404,2.8066,0.8662,18.7431,91.4073,0.0,100.0,23.04,24.0,22.72,23.33,1190800.0,-1
94.8065,95.9329,89.657,1.7239,2.6473,0.9234,18.0878,95.8539,0.0,100.0,22.92,23.3,22.14,22.91,2760200.0,1
96.1145,95.7263,89.8844,1.493,2.4482,0.9552,17.3989,116.5532,10.0,100.0,22.0,23.1099,21.88,22.93,1200200.0,1
96.8776,93.2297,88.8258,1.2542,2.1564,0.9022,16.6088,133.2259,0.0,100.0,21.26,22.45,21.26,22.1,4750700.0,1
94.1867,89.6863,87.5706,1.0287,1.8371,0.8084,15.8243,160.7568,0.0,100.0,20.18,21.47,20.13,21.21,1995500.0,1
88.6248,86.867,85.1801,0.8266,1.4935,0.6669,15.0549,162.4715,0.0,100.0,18.44,19.8,18.44,19.79,1284500.0,1
86.2475,85.7891,82.4404,0.6599,1.1778,0.5179,14.3785,158.1314,10.0,100.0,15.82,19.25,15.8,18.51,1885000.0,1
85.7287,84.4695,72.5601,0.5304,0.888,0.3576,13.7883,118.8295,20.0,100.0,16.21,16.48,15.58,15.74,823300.0,1
85.3911,81.6176,79.5399,0.441,0.7873,0.3463,13.5094,161.9309,30.0,100.0,15.65,16.48,15.13,16.22,1001200.0,1
82.2885,79.1907,75.8866,0.3544,0.5983,0.2439,13.1222,167.7049,40.0,100.0,14.03,15.86,13.97,15.38,1934000.0,1
77.1732,77.6085,68.228,0.2934,0.434,0.1406,12.7997,154.6963,50.0,100.0,13.67,14.75,13.6301,14.12,1057100.0,1
78.1105,77.6373,64.2544,0.2583,0.3463,0.088,12.611,138.5331,60.0,100.0,13.19,14.13,12.92,13.63,1337800.0,1
77.542,69.4632,59.5109,0.2363,0.2792,0.0429,12.4655,160.6148,70.0,100.0,13.21,13.98,13.03,13.12,1073700.0,1
77.2593,52.6125,58.7379,0.2255,0.2414,0.0158,12.372,139.5451,80.0,100.0,12.68,13.49,12.6,13.04,544300.0,1
53.5884,35.9745,56.1978,0.2216,0.1978,-0.0238,12.2765,43.797,90.0,50.0,12.46,13.0,11.86,12.77,421600.0,1
26.9896,33.7442,54.1268,0.2275,0.1667,-0.0609,12.2061,-72.3147,100.0,60.0,11.52,12.6,11.12,12.55,445000.0,1
27.3453,49.5523,42.1556,0.2428,0.147,-0.0958,12.1569,-205.702,0.0,70.0,11.58,12.269,11.29,11.48,515000.0,1
46.8976,62.2094,43.5908,0.2667,0.2287,-0.038,12.2536,-65.6397,10.0,80.0,12.92,13.14,11.6,11.63,538100.0,-1
74.4139,71.3662,57.128,0.2762,0.3144,0.0382,12.3427,80.9889,0.0,90.0,12.83,13.08,12.19,12.79,517700.0,-1
65.3166,70.637,56.9204,0.2667,0.301,0.0344,12.2788,90.7207,10.0,100.0,12.88,13.19,12.26,12.77,642400.0,-1
74.3682,78.2701,57.2949,0.2581,0.2817,0.0236,12.2086,73.5263,20.0,90.0,12.03,12.94,11.85,12.8,338700.0,1
72.2264,81.7708,51.5574,0.2522,0.2498,-0.0023,12.1242,66.2534,30.0,100.0,12.62,13.0,12.13,12.2,530900.0,1
88.2159,83.2897,57.4635,0.2527,0.2666,0.0139,12.1133,96.1167,40.0,0.0,12.52,12.74,12.19,12.71,381300.0,-1
84.8701,72.9056,54.324,0.2493,0.2322,-0.017,12.0281,78.9232,50.0,10.0,12.48,12.79,12.08,12.37,577100.0,1
76.7832,59.095,55.7397,0.2535,0.2196,-0.0339,11.9792,55.4054,60.0,20.0,12.7,12.7,11.715,12.5,550100.0,-1
57.0636,45.4108,56.4526,0.262,0.187,-0.0749,11.9049,60.5545,70.0,30.0,11.96,12.61,11.6,12.57,458400.0,1
43.4382,42.7464,50.2327,0.2807,0.1356,-0.1451,11.8098,-44.7422,80.0,40.0,11.28,11.96,10.88,11.81,498200.0,1
35.7308,41.2888,45.332,0.317,0.1454,-0.1716,11.8098,-74.2181,90.0,50.0,11.56,11.85,11.17,11.28,378900.0,1
49.0701,46.2324,48.0647,0.3599,0.2098,-0.1501,11.8855,-100.9002,100.0,0.0,11.46,11.88,10.52,11.62,706200.0,-1
39.0654,49.7192,47.0508,0.3974,0.2543,-0.1431,11.9234,-38.2681,40.0,10.0,12.44,12.91,11.08,11.5,1339800.0,-1
50.5616,60.3164,53.9191,0.4332,0.3196,-0.1136,11.9839,21.966,50.0,20.0,11.73,12.92,11.62,12.37,917200.0,-1
59.5305,61.7825,43.4075,0.4616,0.3097,-0.152,11.9288,-88.4836,60.0,30.0,12.22,12.742,10.851,11.14,1052900.0,1
70.8572,50.0413,52.953,0.4996,0.4177,-0.0819,12.0414,36.9236,70.0,40.0,12.95,12.97,12.07,12.22,1024000.0,-1
54.9598,32.6884,60.7452,0.5201,0.4397,-0.0804,12.0159,71.0417,0.0,50.0,12.12,12.95,11.89,12.92,896300.0,1
24.3068,25.2263,53.6406,0.5402,0.39,-0.1502,11.8868,-33.9487,0.0,60.0,11.33,12.32,10.9,12.11,1940100.0,1
18.7984,38.2594,44.3526,0.5777,0.4034,-0.1744,11.8549,-91.3401,10.0,70.0,11.44,11.65,10.82,11.28,674000.0,1
32.5737,58.5686,48.0025,0.6213,0.4991,-0.1222,11.937,-22.6411,20.0,80.0,12.09,12.4,11.5,11.63,383900.0,-1
63.4062,74.9833,53.304,0.6519,0.5784,-0.0735,11.9809,48.8002,30.0,90.0,12.43,12.87,12.0,12.1,395100.0,-1
79.726,79.2891,57.829,0.6702,0.6233,-0.0469,11.9639,115.7021,40.0,100.0,13.0,13.46,12.29,12.47,352400.0,-1
81.8176,74.2685,64.6359,0.682,0.6339,-0.0481,11.8916,137.7551,50.0,0.0,12.44,13.0,12.33,12.98,342000.0,1
76.3236,63.8134,60.7194,0.694,0.5863,-0.1077,11.7361,70.1665,60.0,10.0,11.79,12.99,11.63,12.5,477100.0,1
64.6645,49.689,52.7766,0.7209,0.5659,-0.1551,11.6269,-21.8503,70.0,20.0,12.18,12.34,11.45,11.69,357000.0,1
50.4523,37.6694,59.3056,0.7597,0.614,-0.1457,11.6179,-24.6429,80.0,30.0,11.58,12.25,11.06,12.18,221100.0,1
33.9504,30.5697,51.0799,0.7961,0.6167,-0.1795,11.5376,-124.9925,90.0,40.0,10.99,11.69,10.7,11.44,521200.0,1
28.6055,31.2881,44.6892,0.841,0.6864,-0.1545,11.5516,-192.1857,100.0,50.0,11.88,11.88,10.37,10.97,572000.0,-1
29.1532,40.2715,58.0487,0.8796,0.8134,-0.0663,11.6346,-48.6302,0.0,60.0,11.93,12.4,11.38,11.89,576700.0,-1
36.1056,56.0491,57.4262,0.8962,0.8698,-0.0263,11.5982,-25.8421,10.0,70.0,12.16,12.56,11.31,11.84,425000.0,-1
55.5558,72.6239,61.3597,0.9028,0.9344,0.0316,11.5636,47.4845,0.0,80.0,12.46,12.68,11.96,12.08,343400.0,-1
76.486,81.2,66.2982,0.8949,0.9787,0.0838,11.4899,92.1101,0.0,90.0,12.9,13.05,11.83,12.37,374500.0,-1
85.8298,83.0011,75.5444,0.8739,0.9916,0.1176,11.3641,150.3153,10.0,100.0,12.48,13.06,12.4,12.86,254800.0,-1
81.2843,81.8392,72.2778,0.8445,0.9436,0.0991,11.1504,109.6153,20.0,100.0,12.03,12.57,11.9,12.4,195700.0,1
81.8892,81.1017,69.0416,0.8197,0.9156,0.0958,10.9719,93.6146,30.0,70.0,11.94,12.19,11.77,12.0,455000.0,1
82.3442,78.3662,68.2921,0.7958,0.9072,0.1114,10.825,91.967,40.0,80.0,11.81,12.11,11.56,11.91,374300.0,1
79.0716,75.5695,69.641,0.7679,0.8924,0.1245,10.6701,97.191,50.0,90.0,11.81,11.9999,11.3,11.99,381700.0,-1
73.6827,70.8069,68.229,0.7368,0.8524,0.1156,10.4815,125.8429,60.0,100.0,11.29,12.23,11.28,11.79,561500.0,1
73.9541,63.0564,63.6666,0.7079,0.8094,0.1015,10.2946,94.4391,0.0,80.0,11.37,11.7,10.95,11.19,260700.0,1
64.7838,54.3061,66.2347,0.6825,0.8038,0.1212,10.1666,151.1445,0.0,90.0,11.66,11.96,11.19,11.37,457100.0,-1
50.4312,55.5381,70.3494,0.6522,0.7665,0.1143,9.9947,154.4021,10.0,100.0,10.25,12.05,10.118,11.66,911100.0,1
47.7035,65.6507,57.9439,0.6236,0.6784,0.0548,9.7568,13.4604,0.0,80.0,10.19,10.67,9.58,10.13,364400.0,1
68.4797,77.2638,58.9596,0.6099,0.7118,0.1018,9.7035,48.2327,0.0,90.0,10.76,10.76,10.15,10.2,322600.0,-1
80.7688,81.2601,66.2793,0.5845,0.7369,0.1524,9.6326,92.2547,0.0,100.0,10.98,11.04,10.54,10.69,439600.0,-1
82.5428,84.2996,71.3209,0.5463,0.7083,0.162,9.4815,108.3004,10.0,100.0,10.17,11.0,10.12,11.0,381300.0,1
80.4687,88.8202,63.9086,0.5059,0.6301,0.1242,9.2646,102.1991,20.0,100.0,10.43,10.94,9.85,10.07,360900.0,1
89.8875,87.8283,69.8486,0.4748,0.6157,0.1409,9.1496,146.3886,30.0,100.0,10.24,10.88,10.01,10.41,472700.0,-1
96.1044,79.6188,69.088,0.4396,0.5537,0.1141,8.9695,166.9177,40.0,100.0,9.73,10.45,9.58,10.31,557900.0,1
77.4929,61.7166,64.9505,0.4111,0.4767,0.0657,8.778,125.3166,50.0,100.0,9.49,9.89,9.025,9.79,270800.0,1
65.259,48.2769,62.9779,0.3946,0.4245,0.0299,8.6334,75.9203,60.0,40.0,8.41,9.56,8.36,9.56,275000.0,1
42.3978,37.0091,51.9108,0.3872,0.3752,-0.012,8.5011,-30.7923,0.0,50.0,8.99,9.11,8.39,8.515,237300.0,1
37.174,39.601,59.1435,0.3902,0.4131,0.0229,8.4991,-6.039,0.0,60.0,8.3,9.0,8.2,8.99,181700.0,1
31.4554,51.2478,52.6425,0.3844,0.4071,0.0226,8.4289,-53.7137,0.0,70.0,8.22,8.73,8.06,8.47,190200.0,1
50.1735,70.6364,50.1724,0.3788,0.4464,0.0677,8.4231,-46.4746,0.0,80.0,8.82,8.94,7.8516,8.29,503200.0,-1
72.1146,85.0477,57.3516,0.3618,0.5085,0.1467,8.4421,67.4503,10.0,90.0,9.6,9.6,8.73,8.77,284300.0,-1
89.621,92.9473,73.7815,0.3252,0.5315,0.2064,8.3952,134.5496,20.0,100.0,9.41,9.82,9.05,9.6,225000.0,-1
93.4075,93.1051,71.087,0.2736,0.4686,0.195,8.2231,114.9221,30.0,100.0,8.97,9.5,8.44,9.3,270800.0,1
95.8132,88.6956,68.1403,0.2248,0.4121,0.1872,8.0693,99.5753,40.0,100.0,9.03,9.1,8.05,9.0,190300.0,1
90.0947,81.9555,68.984,0.178,0.3644,0.1864,7.9363,143.1933,50.0,100.0,8.79,9.06,8.24,9.04,218800.0,1
80.1789,73.8904,66.3599,0.1314,0.2942,0.1628,7.7786,164.9818,60.0,90.0,8.36,8.79,8.2,8.76,432600.0,1
75.5929,62.3063,62.5964,0.0907,0.2289,0.1382,7.6384,153.8194,70.0,100.0,7.97,8.85,7.82,8.39,291100.0,1
65.8994,45.9714,58.5342,0.0562,0.1798,0.1237,7.5311,93.9345,0.0,100.0,8.09,8.52,7.63,8.03,216400.0,1
45.4266,34.249,59.3398,0.0252,0.1513,0.126,7.4598,41.1479,10.0,50.0,7.6,8.3,7.191,8.08,301600.0,1
26.5881,36.696,53.9818,-0.0063,0.1075,0.1138,7.3712,-40.0625,0.0,60.0,7.11,7.95,6.93,7.61,179800.0,1
30.7322,51.5715,48.5268,-0.0347,0.0979,0.1326,7.3371,-36.1517,0.0,70.0,7.49,7.87,7.09,7.19,170800.0,1
52.7678,68.8622,51.5378,-0.0679,0.127,0.1949,7.3581,8.0162,10.0,80.0,7.73,7.99,7.1,7.42,248400.0,-1
71.2146,81.5623,58.6591,-0.1166,0.1389,0.2555,7.3493,55.2625,20.0,90.0,7.75,8.3401,7.2501,7.92,347600.0,-1
82.6042,90.2532,59.1001,-0.1805,0.1012,0.2817,7.2677,71.9376,30.0,100.0,7.84,8.378,7.41,7.95,169100.0,-1
90.8681,93.5481,59.9108,-0.2509,0.0485,0.2994,7.1703,90.4228,40.0,90.0,7.93,8.3,7.55,8.01,327000.0,-1
97.2874,90.864,61.9503,-0.3257,-0.0256,0.3002,7.0503,121.7529,50.0,100.0,7.95,8.32,7.5,8.17,211800.0,-1
92.4889,82.7579,61.0554,-0.4008,-0.136,0.2648,6.8904,146.3564,60.0,100.0,7.87,8.09,7.43,8.05,168400.0,1
82.8157,68.0132,59.6313,-0.467,-0.2628,0.2041,6.7247,150.144,70.0,100.0,6.9,7.86,6.74,7.85,270700.0,1
72.9692,50.9769,53.0664,-0.518,-0.4005,0.1175,6.5639,121.6667,80.0,100.0,6.83,7.5,6.8,7.0,360500.0,1
48.2546,34.4462,50.1479,-0.5474,-0.4838,0.0636,6.5016,73.2968,90.0,100.0,6.72,7.34,5.99,6.66,329100.0,1
31.707,32.2283,49.0578,-0.5633,-0.5485,0.0148,6.479,-9.1709,100.0,50.0,5.16,6.8,5.1,6.53,290900.0,1
23.3772,43.2814,36.5761,-0.567,-0.6098,-0.0428,6.4717,-138.8939,100.0,60.0,5.8,6.0,5.12,5.23,281500.0,1
41.6009,61.1344,41.0304,-0.5563,-0.5469,0.0094,6.6491,-77.6679,40.0,0.0,6.34,6.56,5.51,5.87,277800.0,-1
64.8662,69.8211,44.2921,-0.5586,-0.5238,0.0349,6.7604,8.7628,50.0,0.0,6.4,6.75,6.23,6.3,161500.0,-1
76.9362,62.6195,45.975,-0.5674,-0.5304,0.0369,6.8262,16.6738,60.0,10.0,7.06,7.14,6.1,6.52,256600.0,-1
67.6609,44.0801,50.6169,-0.5766,-0.5536,0.023,6.87,46.7144,70.0,20.0,6.76,7.31,6.36,7.11,496500.0,-1
43.2614,29.5435,48.3913,-0.5824,-0.6352,-0.0529,6.8357,-7.9877,0.0,30.0,5.88,7.0,5.72,6.83,211600.0,1
21.318,23.6123,40.654,-0.5691,-0.7016,-0.1325,6.8365,-72.1166,10.0,0.0,5.7,6.32,5.47,5.93,176800.0,1
24.051,27.9225,39.0081,-0.536,-0.6846,-0.1486,6.966,-115.8411,20.0,0.0,5.89,5.955,5.35,5.75,298500.0,-1
25.4679,34.2547,39.7804,-0.4989,-0.6345,-0.1356,7.1397,-65.8122,30.0,10.0,6.62,7.17,5.86,5.89,342900.0,-1
34.2485,45.7215,43.855,-0.465,-0.5756,-0.1107,7.3182,-71.0821,40.0,20.0,6.16,7.0,5.43,6.62,392400.0,-1
43.0478,55.9584,40.3925,-0.4373,-0.5665,-0.1292,7.418,-97.5415,50.0,0.0,6.67,6.9,5.71,6.16,216600.0,-1
59.8682,56.2485,42.7662,-0.405,-0.4996,-0.0947,7.5977,-41.532,60.0,10.0,7.55,7.76,6.4,6.62,417900.0,-1
64.9592,44.1851,47.8251,-0.3813,-0.454,-0.0726,7.7373,18.8815,70.0,20.0,8.16,8.4,6.36,7.54,415400.0,-1
43.9183,33.0699,49.9041,-0.3632,-0.4827,-0.1195,7.7655,16.1017,80.0,0.0,7.08,8.3,6.31,7.9,640700.0,1
23.678,37.5194,46.9646,-0.3333,-0.549,-0.2157,7.7463,-54.9134,90.0,0.0,5.57,7.63,5.57,7.39,263800.0,1
31.6133,50.2504,33.7185,-0.2794,-0.5737,-0.2944,7.7972,-152.0442,100.0,10.0,6.05,6.45,5.34,5.46,370700.0,1
57.2668,54.889,36.4802,-0.2058,-0.4005,-0.1947,8.1311,-110.4314,100.0,20.0,8.65,8.65,5.75,6.11,610100.0,-1
61.871,44.6305,50.2006,-0.1571,-0.2396,-0.0825,8.4198,6.9758,60.0,30.0,8.29,8.93,7.86,8.52,594400.0,-1
45.5293,31.0986,50.0603,-0.1365,-0.2763,-0.1398,8.4055,-45.6561,70.0,40.0,6.88,8.87,6.28,8.5,632200.0,1
26.4911,23.4307,38.0439,-0.1015,-0.317,-0.2155,8.392,-111.9086,80.0,50.0,7.71,8.55,6.1,6.97,363200.0,1
21.2753,27.789,41.8334,-0.0477,-0.2085,-0.1609,8.5951,-89.9864,90.0,60.0,7.58,9.15,6.93,7.61,521000.0,-1
22.5257,37.2144,37.6406,-0.0074,-0.1323,-0.1248,8.7359,-235.3088,100.0,70.0,7.7,7.88,5.85,7.13,701000.0,1
39.566,46.923,42.2039,0.0238,0.0159,-0.0079,8.9653,-134.5813,100.0,80.0,8.89,9.02,7.6,7.93,672100.0,-1
49.5515,50.9095,49.7328,0.0258,0.1233,0.0976,9.1132,26.2888,90.0,90.0,10.21,10.44,8.2,9.04,324800.0,-1
51.6515,54.2466,62.361,0.0014,0.1456,0.1442,9.1237,140.2384,0.0,100.0,8.72,11.37,7.75,10.44,271000.0,1
51.5256,61.1509,50.4779,-0.0347,0.0294,0.0641,8.9356,15.2338,0.0,60.0,9.08,9.7125,8.25,8.97,496300.0,1
59.5625,70.3148,49.3019,-0.0507,0.0303,0.081,8.9307,30.2258,10.0,70.0,9.43,9.54,8.55,8.85,179800.0,-1
72.3647,72.5675,55.7564,-0.071,0.0432,0.1142,8.9422,85.343,20.0,80.0,9.2,9.6,8.78,9.5,205600.0,-1
79.0171,66.4646,53.5681,-0.0995,-0.0071,0.0924,8.8625,117.0569,30.0,90.0,9.52,9.64,9.12,9.24,166000.0,-1
66.3207,57.9825,57.6122,-0.1226,-0.0447,0.0779,8.8086,191.2297,40.0,100.0,9.28,10.11,9.02,9.65,541900.0,-1
54.0562,60.4908,54.5222,-0.1421,-0.1338,0.0083,8.6884,84.0237,50.0,0.0,7.94,9.35,7.94,9.24,377900.0,1
53.5707,64.1621,42.226,-0.1442,-0.2038,-0.0597,8.6096,-94.9196,60.0,0.0,8.28,8.58,7.77,7.91,420300.0,1
73.8455,58.4764,45.115,-0.1293,-0.1549,-0.0256,8.7096,-17.2909,70.0,0.0,9.03,9.31,8.11,8.26,403500.0,-1
65.0701,37.2328,53.6024,-0.1229,-0.1257,-0.0029,8.7738,-1.0111,80.0,0.0,8.8,9.3,7.81,9.16,491200.0,-1
36.5137,22.9016,52.0695,-0.1221,-0.1783,-0.0562,8.7186,-34.6392,90.0,0.0,7.84,9.22,7.55,8.99,449000.0,1
10.1146,20.1459,38.9314,-0.1081,-0.2256,-0.1175,8.6798,-124.6668,100.0,10.0,7.89,8.4,7.45,7.76,381700.0,1
22.0763,26.3154,39.8097,-0.0787,-0.1574,-0.0787,8.8112,-133.7844,100.0,20.0,8.3,8.7,7.73,7.87,2625400.0,-1
28.2468,30.062,43.2418,-0.059,-0.0793,-0.0202,8.9457,-93.8416,10.0,30.0,9.07,9.25,8.26,8.3,279300.0,-1
28.6229,39.3072,50.8589,-0.054,-0.0222,0.0318,9.0379,-40.5264,0.0,40.0,8.71,9.19,8.39,9.13,109200.0,-1
33.3163,56.5639,45.8987,-0.0619,-0.0335,0.0284,9.0248,-67.109,10.0,50.0,8.42,8.88,8.19,8.65,414200.0,1
55.9826,74.8197,42.8713,-0.069,0.0014,0.0704,9.0783,-20.7869,20.0,60.0,9.67,9.8,8.23,8.37,421800.0,-1
80.3928,82.9921,56.0866,-0.0866,0.0745,0.1611,9.1795,70.5268,30.0,70.0,9.4,9.92,9.35,9.68,533100.0,-1
88.0836,84.9549,59.4881,-0.1269,0.0333,0.1602,9.108,97.0579,40.0,80.0,9.66,9.96,9.45,9.95,215300.0,-1
80.4999,82.6275,57.0573,-0.167,-0.0473,0.1196,8.9877,120.137,50.0,90.0,9.77,10.01,9.47,9.67,224900.0,1
86.2814,82.881,58.5247,-0.1969,-0.121,0.0759,8.8903,149.8192,60.0,100.0,8.99,10.1,8.93,9.8,481600.0,1
81.1012,71.198,50.7153,-0.2158,-0.2265,-0.0106,8.7603,137.2891,70.0,100.0,9.41,9.7,8.82,8.91,367100.0,1
81.2604,54.7102,57.753,-0.2132,-0.2672,-0.054,8.7389,155.645,80.0,100.0,8.32,9.6,7.87,9.55,158600.0,1
51.2326,31.6693,44.8348,-0.1997,-0.3804,-0.1808,8.623,56.3274,90.0,0.0,8.5,8.8,8.11,8.35,138100.0,1
31.6376,21.6609,45.7797,-0.1545,-0.3973,-0.2428,8.662,-38.9153,100.0,10.0,7.43,8.79,7.02,8.44,366400.0,1
12.1376,19.3416,31.3013,-0.0938,-0.4222,-0.3284,8.6938,-117.4339,100.0,20.0,7.5,8.22,7.29,7.44,255100.0,1
21.2076,24.4655,32.8818,-0.0117,-0.346,-0.3343,8.8729,-109.4721,100.0,30.0,7.92,8.07,7.35,7.64,217600.0,-1
24.6797,24.8629,35.6347,0.0719,-0.264,-0.3359,9.049,-81.0744,50.0,0.0,8.12,8.5,7.81,7.98,233500.0,-1
27.5092,23.4758,37.0297,0.1559,-0.1902,-0.3461,9.2017,-63.9845,60.0,0.0,8.82,9.02,8.06,8.15,304500.0,-1
22.3997,20.1735,40.1955,0.2424,-0.1106,-0.353,9.352,-58.6774,70.0,10.0,8.31,9.17,8.31,8.53,252800.0,1
20.5185,18.9279,37.8027,0.3306,-0.046,-0.3766,9.4694,-88.1035,80.0,20.0,8.22,8.69,8.17,8.34,218400.0,1
17.6024,18.8779,37.3275,0.4248,0.0564,-0.3684,9.6307,-114.5533,90.0,30.0,8.36,8.64,7.96,8.3,443300.0,-1
18.6629,19.1993,37.521,0.5169,0.1904,-0.3265,9.8208,-154.6788,100.0,40.0,8.29,8.98,7.5962,8.33,627800.0,1
20.3683,17.6652,36.8335,0.5985,0.3556,-0.2429,10.0338,-143.0353,100.0,50.0,10.08,11.14,7.67,8.26,2412000.0,-1
18.5666,20.0075,49.8921,0.6592,0.5684,-0.0908,10.2872,-89.3101,100.0,60.0,10.01,10.42,9.11,10.11,326600.0,-1
14.0607,31.2626,53.6887,0.6819,0.6434,-0.0384,10.3125,-54.0982,0.0,70.0,9.81,10.75,9.81,10.52,537200.0,-1
27.3952,52.7279,47.0559,0.6915,0.6881,-0.0034,10.2829,-86.6062,0.0,80.0,10.1,10.7,9.5,9.77,629400.0,1
52.3319,69.3214,51.0002,0.6924,0.8114,0.119,10.3561,22.3709,10.0,90.0,12.35,12.49,10.08,10.22,776400.0,-1
78.4567,75.5762,76.9197,0.6626,0.9111,0.2485,10.3756,161.6041,20.0,100.0,12.64,13.45,11.7,12.23,514000.0,-1
77.1757,69.9107,80.205,0.6005,0.8206,0.2201,10.1106,180.1636,30.0,100.0,11.18,12.99,10.65,12.41,1019900.0,1
71.0962,65.7418,73.3844,0.5454,0.6747,0.1293,9.7822,106.9907,40.0,60.0,10.45,11.35,10.0,11.21,806500.0,1
61.4603,66.1995,67.196,0.5131,0.6009,0.0878,9.5782,81.627,50.0,70.0,10.38,11.0,9.88,10.48,523800.0,1
64.6688,68.2008,64.7724,0.4912,0.5723,0.0812,9.4494,86.0015,60.0,80.0,10.17,10.57,10.17,10.24,411200.0,1
72.4693,61.4346,63.3509,0.4709,0.5519,0.081,9.3364,99.5806,70.0,90.0,10.5,10.81,9.83,10.1,330800.0,-1
67.4644,50.1218,70.6855,0.4506,0.5321,0.0815,9.2273,196.2628,80.0,100.0,10.24,11.4,10.22,10.5,1222000.0,-1
44.37,42.9402,68.8171,0.4302,0.4583,0.0281,9.0455,155.5532,90.0,100.0,8.98,10.58,8.98,10.27,935300.0,1
38.5309,51.0205,53.6863,0.4232,0.381,-0.0423,8.8706,-14.6465,0.0,70.0,8.59,9.88,8.23,8.96,365000.0,1
45.9196,60.6074,47.9616,0.4338,0.41,-0.0238,8.8578,-24.0889,0.0,80.0,9.47,9.585,8.6,8.63,211800.0,-1
68.611,67.22,67.8658,0.4397,0.4747,0.035,8.8904,134.7207,0.0,90.0,9.43,9.88,9.4,9.5,328100.0,-1
67.2917,67.5232,67.3043,0.431,0.4619,0.0309,8.8033,152.0162,10.0,100.0,9.53,9.89,9.25,9.46,457000.0,-1
65.7573,69.7753,68.3796,0.4233,0.4428,0.0195,8.7095,153.2866,20.0,100.0,9.0,9.87,8.62,9.5,594900.0,1
69.5206,74.3603,61.2813,0.4184,0.408,-0.0104,8.5965,69.4444,30.0,0.0,8.88,9.08,8.66,8.99,340700.0,1
74.0481,75.8267,59.0078,0.421,0.4095,-0.0115,8.5403,56.7185,40.0,0.0,9.06,9.12,8.79,8.85,174100.0,-1
79.5123,70.8136,62.3001,0.4239,0.4197,-0.0042,8.4961,37.5479,50.0,10.0,9.0,9.1,8.66,8.99,445900.0,-1
73.9197,56.9233,61.0425,0.4249,0.4124,-0.0125,8.4255,48.4799,60.0,20.0,8.73,9.25,8.64,8.9,640000.0,1
59.009,43.1149,58.5539,0.428,0.4062,-0.0218,8.3578,-13.7517,70.0,30.0,8.77,8.81,8.5,8.72,123100.0,1
37.8413,33.7326,58.2874,0.4335,0.4108,-0.0227,8.306,-25.7515,0.0,40.0,8.21,8.92,8.21,8.7,212200.0,1
32.4946,36.311,52.2031,0.4392,0.4126,-0.0265,8.2497,-65.6385,0.0,50.0,7.83,9.0,7.83,8.26,413200.0,1
30.8619,45.1658,46.0911,0.4458,0.4538,0.008,8.2482,-69.6767,0.0,60.0,9.0,9.0,7.59,7.88,537600.0,-1
45.5764,60.5251,67.2837,0.4438,0.5385,0.0947,8.3009,40.8869,10.0,70.0,8.71,9.04,8.43,8.92,428200.0,-1
59.0592,71.3498,62.6803,0.4201,0.5328,0.1126,8.2124,42.7072,0.0,80.0,9.22,9.3,8.3,8.61,341100.0,-1
76.9395,77.5156,75.2904,0.392,0.5494,0.1574,8.1556,97.4806,10.0,90.0,9.47,9.55,9.02,9.02,670000.0,-1
78.0507,78.4445,89.5229,0.3526,0.5208,0.1681,8.0321,131.6325,0.0,100.0,9.0,9.6,8.96,9.38,203900.0,1
77.5565,82.6895,86.8508,0.3106,0.4401,0.1295,7.8396,108.824,10.0,90.0,8.58,8.95,8.27,8.95,153500.0,1
79.7264,88.0176,82.6936,0.2782,0.3744,0.0962,7.6809,145.0057,20.0,100.0,8.49,9.3,8.2,8.5,299900.0,1
90.7855,89.7909,82.6936,0.2542,0.331,0.0768,7.5639,205.6286,30.0,100.0,8.3,8.68,8.3,8.5,238100.0,1
93.5408,83.863,80.9599,0.235,0.2708,0.0358,7.4302,263.2434,40.0,100.0,7.6,8.49,7.54,8.34,279400.0,1
85.0465,72.829,68.848,0.226,0.2063,-0.0198,7.3002,119.2677,50.0,20.0,7.34,7.68,7.25,7.65,131100.0,1
73.0016,63.5711,61.8917,0.231,0.1912,-0.0398,7.2503,35.8332,60.0,30.0,7.2,7.43,7.2,7.43,58100.0,1
60.4389,56.5394,53.8883,0.2409,0.1916,-0.0494,7.2246,4.9359,70.0,40.0,7.24,7.46,7.2,7.24,123500.0,1
57.2729,53.7295,54.4298,0.2533,0.2086,-0.0447,7.2224,-54.4448,80.0,50.0,7.17,7.31,7.07,7.25,288300.0,1
51.9065,53.1547,55.9476,0.2644,0.2263,-0.0382,7.2184,-14.3912,90.0,60.0,7.21,7.37,7.15,7.28,84900.0,-1
52.009,57.5939,54.4224,0.274,0.2425,-0.0315,7.2096,-118.1221,100.0,70.0,7.27,7.39,6.69,7.24,133900.0,-1
55.5485,62.1407,59.0202,0.2819,0.2637,-0.0181,7.2053,82.6402,10.0,80.0,7.3301,7.55,7.31,7.34,93000.0,-1
65.2241,65.606,63.877,0.2864,0.2768,-0.0096,7.1861,165.3481,20.0,90.0,7.5,7.64,7.3,7.44,163400.0,-1
65.6496,66.387,65.8271,0.2888,0.2793,-0.0094,7.1498,276.0583,30.0,100.0,7.26,7.7,7.21,7.48,251900.0,1
65.9441,67.2778,61.0057,0.2911,0.2744,-0.0167,7.1026,48.9442,40.0,0.0,7.18,7.32,7.0701,7.3,239200.0,1
67.5672,68.2889,58.9801,0.2953,0.2825,-0.0128,7.0744,45.977,50.0,0.0,7.18,7.37,7.14,7.23,39800.0,1
68.3219,64.0198,58.9801,0.2985,0.2958,-0.0028,7.0522,-5.5492,0.0,10.0,7.17,7.39,7.13,7.23,147000.0,1
68.9776,53.5225,59.6978,0.2992,0.3084,0.0092,7.0268,-11.5766,10.0,20.0,7.26,7.35,7.08,7.25,57800.0,-1
54.7599,40.8747,59.6978,0.2969,0.3181,0.0212,6.9949,14.1816,20.0,30.0,7.31,7.33,7.07,7.25,137500.0,-1
36.83,34.4352,60.5936,0.2916,0.3258,0.0341,6.9584,22.5344,0.0,40.0,7.09,7.3,6.99,7.28,184100.0,1
31.0344,38.7058,59.4997,0.2831,0.3278,0.0447,6.9125,17.9894,10.0,50.0,7.02,7.23,6.92,7.22,147500.0,1
35.4413,48.2899,56.9925,0.2719,0.3317,0.0598,6.8686,20.8333,20.0,60.0,7.07,7.25,6.98,7.08,123500.0,1
49.6416,62.192,60.8683,0.257,0.3461,0.0891,6.8384,52.1618,30.0,70.0,7.02,7.45,7.02,7.24,230000.0,-1
59.7868,72.7469,59.949,0.2347,0.3432,0.1085,6.781,49.0747,40.0,80.0,7.16,7.27,7.0,7.18,332400.0,-1
77.1476,76.842,61.4651,0.2076,0.3406,0.133,6.724,99.6102,50.0,90.0,7.68,7.8,7.0,7.25,455500.0,-1
81.3063,71.2715,72.8321,0.1744,0.3252,0.1508,6.6488,238.9729,0.0,100.0,7.6,8.16,7.36,7.73,224600.0,-1
72.0721,65.0313,70.916,0.1367,0.2519,0.1152,6.4944,199.3939,10.0,100.0,6.6,7.55,6.3,7.54,818700.0,1
60.4361,61.5968,57.1838,0.1078,0.1741,0.0662,6.345,29.5626,0.0,70.0,6.32,6.8,6.3,6.58,42500.0,1
62.5857,63.3458,54.9923,0.0913,0.1699,0.0786,6.3114,35.5471,0.0,80.0,6.54,6.71,6.43,6.47,84500.0,-1
61.7686,67.2421,57.902,0.0716,0.1734,0.1017,6.2888,23.0537,0.0,90.0,6.61,6.84,5.9,6.59,94700.0,-1
65.6831,74.5233,60.5449,0.0462,0.163,0.1168,6.2458,83.4559,10.0,100.0,6.35,6.97,6.35,6.7,186500.0,1
74.2746,81.231,54.6123,0.017,0.1363,0.1193,6.1809,48.8418,20.0,80.0,6.58,6.68,6.23,6.35,78100.0,1
83.6121,83.1139,62.0497,-0.0128,0.1357,0.1486,6.1567,108.0422,30.0,90.0,6.87,6.91,6.51,6.66,62600.0,-1
85.8064,82.663,68.2567,-0.05,0.1016,0.1515,6.0848,153.0976,0.0,100.0,6.4,6.95,6.4,6.89,122000.0,1
79.9232,77.353,62.0113,-0.0879,0.033,0.1209,5.9698,129.2652,10.0,100.0,6.308,6.76,6.07,6.47,782800.0,1
82.2594,72.224,59.2633,-0.1181,-0.0122,0.1059,5.8983,104.0589,20.0,90.0,6.22,6.5,5.73,6.31,167500.0,1
69.8763,59.4685,58.2439,-0.1446,-0.0534,0.0912,5.8395,169.3177,30.0,100.0,6.12,6.53,6.0,6.25,136700.0,1
64.5363,50.9133,57.7684,-0.1673,-0.0991,0.0682,5.7809,174.8485,40.0,100.0,5.61,6.38,5.53,6.22,102700.0,1
43.9929,48.1146,47.9978,-0.1844,-0.153,0.0314,5.7181,30.7243,50.0,60.0,5.78,5.9,5.39,5.6701,41800.0,1
44.2105,54.0714,50.6826,-0.1922,-0.1635,0.0287,5.725,34.0648,0.0,70.0,5.57,5.9,5.25,5.81,50000.0,1
56.1404,55.6809,43.343,-0.1994,-0.1888,0.0106,5.7129,-28.7698,0.0,80.0,5.6,5.73,5.41,5.45,61300.0,1
61.8633,50.5318,47.0165,-0.2021,-0.1817,0.0204,5.7504,80.35,10.0,90.0,6.03,6.04,5.45,5.66,97300.0,-1
49.0391,46.7941,57.1968,-0.2072,-0.1914,0.0158,5.7633,183.2599,20.0,100.0,5.5,6.17,5.43,6.15,78300.0,1
40.6932,57.1541,41.0089,-0.2111,-0.2509,-0.0398,5.7081,-21.1055,30.0,10.0,5.25,5.64,5.22,5.46,100100.0,1
50.6501,68.9969,36.9666,-0.2012,-0.2529,-0.0517,5.7435,-55.3097,40.0,0.0,5.54,5.55,5.29,5.33,78100.0,-1
80.119,76.4003,42.629,-0.1882,-0.2385,-0.0502,5.8026,4.4617,50.0,0.0,5.34,5.8,5.29,5.61,145700.0,-1
76.2217,66.926,40.5812,-0.1757,-0.2452,-0.0695,5.8301,-26.0141,60.0,10.0,5.57,5.72,5.35,5.54,143500.0,-1
72.86,52.0335,44.6824,-0.1583,-0.243,-0.0847,5.8716,-9.1816,70.0,20.0,5.6,5.76,5.37,5.74,290200.0,-1
51.6962,32.9701,40.9209,-0.1371,-0.2571,-0.12,5.8904,-16.4373,80.0,30.0,5.66,5.77,5.48,5.6,157600.0,1
31.5443,19.9835,40.9209,-0.1071,-0.2571,-0.15,5.9319,-72.2482,90.0,0.0,5.31,5.64,5.1,5.6,543100.0,1
15.6698,16.8762,34.4763,-0.0696,-0.2534,-0.1838,5.9793,-156.048,100.0,0.0,5.12,5.37,4.97,5.35,97400.0,1
12.7364,22.8516,26.0552,-0.0237,-0.2194,-0.1958,6.0692,-179.4471,100.0,0.0,5.61,5.61,5.05,5.06,358400.0,-1
22.2222,31.1646,33.7217,0.0253,-0.1434,-0.1687,6.2133,-76.0324,80.0,0.0,5.72,6.0,5.56,5.63,125500.0,-1
33.5962,34.8505,35.3647,0.0674,-0.1023,-0.1698,6.2967,-75.0536,90.0,0.0,5.77,5.89,5.69,5.73,53700.0,-1
37.6755,30.6771,36.1575,0.1099,-0.0586,-0.1684,6.3776,-77.8375,100.0,0.0,6.01,6.13,5.5,5.78,123400.0,-1
33.2798,22.6037,40.0345,0.152,-0.007,-0.1589,6.463,-52.0554,90.0,10.0,6.1,6.46,5.99,6.02,63000.0,-1
21.0761,18.1061,41.3651,0.1917,0.0345,-0.1572,6.5263,-86.079,100.0,20.0,5.75,6.16,5.51,6.1,197300.0,1
13.4551,20.1207,35.5845,0.231,0.0789,-0.1521,6.5871,-123.3395,100.0,30.0,5.9,6.06,5.55,5.86,287900.0,1
19.7871,30.8594,36.2547,0.269,0.1588,-0.1102,6.691,-132.4773,100.0,40.0,6.13,6.29,5.7,5.91,282000.0,-1
27.1199,44.5575,40.2074,0.2966,0.2534,-0.0432,6.8026,-106.0359,90.0,50.0,6.58,6.58,6.09,6.2,93800.0,-1
45.6712,62.8342,47.4289,0.3074,0.3409,0.0335,6.8887,-71.5812,100.0,60.0,7.14,7.14,5.94,6.65,455700.0,-1
60.8814,76.914,58.5819,0.299,0.4018,0.1028,6.9228,29.3881,0.0,70.0,7.33,7.49,6.93,7.18,467700.0,-1
81.95,87.8819,66.5548,0.2733,0.4198,0.1465,6.886,75.1554,0.0,80.0,7.6,7.6,7.24,7.48,180900.0,-1
87.9105,89.0514,71.5189,0.2367,0.406,0.1693,6.8012,104.5485,0.0,90.0,7.8,7.89,6.99,7.65,386700.0,-1
93.7852,85.5002,79.3525,0.1943,0.3652,0.1709,6.6799,176.8776,0.0,100.0,7.39,7.97,7.29,7.9,453200.0,1
85.4585,76.9683,75.3695,0.1516,0.2825,0.1308,6.5056,179.094,0.0,100.0,7.15,7.7,6.79,7.4899,156100.0,1
77.2569,74.1919,70.5003,0.1189,0.2144,0.0955,6.365,127.6596,10.0,100.0,6.63,7.12,6.39,7.1,214400.0,1
68.1896,76.9043,62.446,0.095,0.1642,0.0692,6.26,94.6809,20.0,80.0,6.37,6.74,6.32,6.63,197700.0,1
77.1291,81.1419,59.7075,0.0777,0.1455,0.0678,6.2072,71.8019,30.0,0.0,6.7,6.78,6.1,6.5,186900.0,-1
85.394,77.0559,62.5495,0.0608,0.1328,0.072,6.1653,91.5694,40.0,10.0,6.58,6.9,6.21,6.59,145200.0,1
80.9027,65.367,65.3491,0.0428,0.1055,0.0627,6.1047,66.1002,50.0,20.0,6.0,6.7,5.99,6.68,308900.0,1
64.8709,52.2725,51.439,0.0271,0.0599,0.0328,6.0225,-39.3042,60.0,30.0,6.0,6.15,5.96,6.04,129100.0,1
50.3275,41.2852,53.2424,0.0189,0.0661,0.0472,6.02,-46.2781,70.0,40.0,6.03,6.12,5.84,6.1,133100.0,-1
41.619,36.5901,53.2424,0.0071,0.0668,0.0597,6.0086,-40.1164,80.0,50.0,6.09,6.13,5.83,6.1,107300.0,-1
31.9089,37.9587,52.3401,-0.0079,0.0668,0.0747,5.9955,-59.3326,90.0,60.0,5.65,6.15,5.65,6.06,202800.0,1
36.2422,51.0063,47.5586,-0.0265,0.0699,0.0964,5.9863,-113.303,0.0,70.0,6.07,6.07,5.3,5.85,506300.0,-1
45.7249,65.0118,54.3334,-0.0506,0.0942,0.1449,6.0057,25.8997,0.0,80.0,6.6,6.69,5.9,6.14,746700.0,-1
71.0518,76.9367,62.6414,-0.0868,0.0944,0.1812,5.9866,88.8088,10.0,90.0,6.51,6.9,6.1,6.44,326500.0,-1
78.2586,74.2287,61.9431,-0.1322,0.0627,0.1948,5.9218,131.0358,20.0,100.0,6.8,7.05,6.37,6.4,400600.0,-1
81.4997,69.3854,69.5481,-0.1809,0.0253,0.2062,5.8535,136.9037,0.0,100.0,6.35,6.7,6.162,6.66,273800.0,1
62.9278,62.4117,63.3112,-0.2324,-0.0492,0.1832,5.7383,108.6394,0.0,80.0,6.3,6.35,6.05,6.26,347100.0,1
63.7286,65.2625,61.3522,-0.2782,-0.1028,0.1754,5.6637,95.4169,10.0,90.0,5.8,6.24,5.65,6.15,297100.0,1
60.5788,68.3414,51.8948,-0.322,-0.1586,0.1634,5.5943,98.0456,20.0,100.0,6.37,6.53,5.43,5.7,688700.0,-1
71.4803,74.3516,68.2658,-0.3629,-0.1817,0.1812,5.5792,184.5504,30.0,90.0,5.9,6.22,5.71,6.19,332900.0,-1
72.9651,77.1903,62.3804,-0.4082,-0.2583,0.1499,5.4919,254.7781,40.0,100.0,5.5,6.45,5.3,5.92,584700.0,1
78.6094,73.8778,49.3353,-0.4457,-0.325,0.1207,5.4307,128.4421,50.0,100.0,5.65,5.65,5.28,5.5035,101200.0,1
79.9963,63.2303,48.0308,-0.4759,-0.3629,0.113,5.4203,100.1074,60.0,100.0,5.35,5.55,5.12,5.47,116400.0,1
63.0278,45.5814,44.9863,-0.5041,-0.4026,0.1015,5.4132,102.4895,70.0,50.0,5.44,5.5,5.14,5.39,160900.0,-1
46.6667,40.4492,45.5872,-0.5295,-0.4392,0.0903,5.4166,134.7032,80.0,60.0,5.2,5.41,5.2,5.41,125500.0,1
27.0496,41.3633,37.2957,-0.5521,-0.4817,0.0704,5.4175,-55.5556,90.0,0.0,5.13,5.24,5.09,5.19,126000.0,1
47.6312,48.1132,36.1007,-0.5697,-0.5065,0.0632,5.45,-58.4734,100.0,10.0,5.34,5.36,5.02,5.16,80800.0,-1
49.409,38.8047,35.3615,-0.5855,-0.5276,0.0578,5.4914,1.3947,0.0,20.0,5.499,5.5,5.07,5.14,102500.0,-1
47.2995,29.0985,43.5157,-0.5999,-0.545,0.0549,5.5416,144.2275,10.0,30.0,5.14,5.52,5.1,5.5,287600.0,-1
19.7056,21.8456,30.7387,-0.6136,-0.5958,0.0178,5.5476,-75.6303,0.0,0.0,5.25,5.25,5.05,5.18,333900.0,1
20.2904,26.9358,27.0245,-0.6181,-0.6195,-0.0014,5.6001,-97.177,10.0,0.0,5.27,5.27,5.05,5.1,205300.0,1
25.5407,32.7103,27.865,-0.6177,-0.6325,-0.0148,5.6715,-49.1374,20.0,10.0,5.29,5.44,5.1,5.15,418300.0,-1
34.9763,35.6045,29.5175,-0.614,-0.6451,-0.0311,5.7461,-67.7762,30.0,20.0,5.1,5.25,5.1,5.25,1609400.0,1
37.6138,33.2568,26.3737,-0.6063,-0.6619,-0.0556,5.8169,-77.2947,40.0,0.0,5.2,5.29,5.1,5.17,111500.0,-1
34.2233,28.3633,27.4767,-0.5923,-0.6656,-0.0732,5.9093,-59.2155,50.0,0.0,5.44,5.44,5.18,5.25,243700.0,-1
27.9333,25.2294,29.2669,-0.574,-0.6687,-0.0947,6.0035,-58.1081,60.0,0.0,5.18,5.62,5.08,5.38,450500.0,1
22.9333,23.744,22.2535,-0.5504,-0.6763,-0.1259,6.0926,-93.6315,70.0,0.0,5.26,5.3,5.05,5.18,110000.0,1
24.8214,21.9252,22.7612,-0.5189,-0.6557,-0.1368,6.223,-97.0083,80.0,10.0,5.23,5.42,4.99,5.23,1138800.0,-1
23.4772,18.1923,23.435,-0.4847,-0.625,-0.1403,6.3648,-94.0818,90.0,20.0,5.44,5.57,5.22,5.3,153300.0,-1
17.4772,12.8665,24.3623,-0.4496,-0.5838,-0.1342,6.517,-106.3923,100.0,30.0,5.91,5.95,4.95,5.4,708900.0,-1
13.6224,12.763,29.3849,-0.4161,-0.533,-0.1169,6.6765,-84.2437,90.0,40.0,5.7,6.2,5.65,5.88,165000.0,-1
7.5,19.6667,26.8396,-0.3869,-0.5092,-0.1223,6.7903,-137.0959,100.0,50.0,5.82,5.82,5.61,5.79,106700.0,-1
17.1667,36.2591,27.8432,-0.3563,-0.4623,-0.106,6.9332,-190.87,100.0,60.0,5.9,6.03,5.66,5.89,159900.0,-1
34.3333,56.4071,26.3562,-0.3298,-0.4059,-0.0761,7.0822,-200.9977,100.0,70.0,6.75,6.82,5.83,5.83,211100.0,-1
57.2773,72.0301,39.201,-0.3107,-0.3218,-0.0111,7.2611,-42.7419,50.0,0.0,6.95,7.08,6.5,6.89,247300.0,-1
77.6107,81.129,41.9804,-0.308,-0.3178,-0.0098,7.3141,53.9309,60.0,10.0,7.05,7.41,7.03,7.05,254800.0,-1
81.2023,76.3561,43.0166,-0.3055,-0.3243,-0.0188,7.3519,54.0262,70.0,20.0,7.44,7.5,7.0,7.1104,72300.0,-1
84.574,64.2999,50.2115,-0.3008,-0.3341,-0.0333,7.3864,62.5581,80.0,0.0,6.87,7.5,6.85,7.5,729000.0,1
63.292,47.3906,40.5667,-0.2925,-0.3814,-0.089,7.3701,8.06,90.0,0.0,6.95,7.36,6.95,7.08,132100.0,1
45.0337,34.8455,38.5253,-0.2702,-0.3935,-0.1233,7.4116,-68.5793,100.0,0.0,6.71,7.05,6.25,7.0,196200.0,1
33.8462,27.8668,35.536,-0.2394,-0.395,-0.1556,7.4704,-83.4242,70.0,0.0,6.52,6.95,6.47,6.88,82900.0,1
25.6567,24.587,30.1895,-0.2005,-0.379,-0.1785,7.5547,-98.3574,80.0,0.0,7.14,7.18,6.51,6.67,122700.0,-1
24.0975,26.2254,34.2012,-0.1559,-0.3317,-0.1758,7.6811,-110.373,90.0,0.0,6.43,7.07,6.43,7.0,153600.0,1
24.0069,26.681,23.0455,-0.1119,-0.3,-0.1881,7.7784,-152.8788,100.0,0.0,7.14,7.2,6.41,6.6,327800.0,-1
30.5718,22.5015,28.4771,-0.0649,-0.2145,-0.1496,7.9468,-120.5408,100.0,10.0,7.71,7.71,6.91,7.1,227400.0,-1
25.4643,13.2176,34.6513,-0.0275,-0.1532,-0.1257,8.0677,-120.8181,100.0,20.0,7.71,7.71,6.92,7.52,164100.0,-1
11.4683,6.9326,34.9928,0.0039,-0.1155,-0.1194,8.146,-145.0921,100.0,30.0,7.65,7.69,7.15,7.541,279200.0,1
2.7203,7.3731,37.5112,0.0338,-0.0678,-0.1015,8.2324,-119.0533,100.0,40.0,8.05,8.05,7.7,7.7,57300.0,-1
6.6092,15.4478,39.9527,0.0591,-0.0221,-0.0812,8.3085,-118.481,90.0,50.0,8.14,8.15,7.82,7.85,192500.0,-1
12.7898,30.0966,40.4263,0.0794,0.0213,-0.0582,8.374,-134.7378,100.0,60.0,7.95,8.25,7.81,7.88,398600.0,1
26.9444,47.8854,44.5451,0.094,0.0732,-0.0207,8.4445,-123.6188,90.0,70.0,8.28,8.4,8.02,8.14,31900.0,-1
50.5556,60.7833,46.5136,0.0992,0.1121,0.0129,8.488,-128.3329,0.0,80.0,8.47,8.54,8.0,8.26,234400.0,-1
66.1562,60.2477,51.8398,0.0959,0.1477,0.0518,8.5206,26.879,10.0,90.0,9.09,9.09,8.3,8.57,312400.0,-1
65.6381,55.0462,60.2528,0.083,0.1596,0.0766,8.5136,86.2438,20.0,100.0,8.66,9.2,8.25,8.99,725000.0,1
48.9489,55.9945,56.7972,0.0638,0.1296,0.0657,8.4455,90.7256,0.0,60.0,8.41,9.1,8.41,8.76,184400.0,1
50.5514,67.9824,52.7814,0.0474,0.1128,0.0654,8.4006,8.6529,0.0,70.0,8.53,8.66,8.13,8.51,91500.0,1
68.4832,78.4939,50.286,0.0311,0.1153,0.0842,8.3849,-2.3166,0.0,80.0,8.54,8.69,8.0,8.36,243400.0,1
84.9126,79.9973,58.4393,0.01,0.132,0.1219,8.3885,92.031,0.0,90.0,9.0,9.0,8.3,8.8,147300.0,-1
82.0859,73.8798,65.0639,-0.0205,0.1066,0.127,8.3297,159.2605,10.0,100.0,8.4,9.11,8.4,9.107,97700.0,1
72.9934,68.8926,59.7542,-0.0522,0.0414,0.0936,8.2187,111.5404,20.0,20.0,8.5,8.74,8.33,8.71,116200.0,1
66.56,65.0905,57.1719,-0.0756,-0.0021,0.0735,8.1485,86.3094,30.0,30.0,8.0,8.88,8.0,8.535,112300.0,1
67.1245,64.1804,52.2036,-0.094,-0.0396,0.0543,8.0933,5.1941,40.0,40.0,8.01,8.3,7.95,8.22,195200.0,1
61.5869,58.7086,48.628,-0.1076,-0.055,0.0526,8.0751,-18.3482,50.0,50.0,8.0,8.199,8.0,8.01,159700.0,1
63.8298,51.9504,53.0503,-0.1207,-0.0523,0.0684,8.0845,18.8136,60.0,60.0,7.95,8.46,7.95,8.27,514300.0,-1
50.7092,46.285,49.8958,-0.1378,-0.0747,0.0632,8.0579,11.5602,70.0,70.0,8.4,8.6,7.9,8.07,324900.0,-1
41.3121,50.7799,53.9756,-0.1536,-0.0817,0.0719,8.0562,-40.4715,0.0,80.0,7.22,8.32,7.22,8.32,86400.0,1
46.8338,65.3339,40.0298,-0.1716,-0.115,0.0566,8.0185,-132.3634,0.0,90.0,7.31,7.83,7.03,7.53,163600.0,1
64.1939,77.6029,40.1684,-0.1858,-0.0754,0.1104,8.0883,-42.1348,10.0,100.0,8.74,8.9,7.02,7.54,335400.0,-1
84.9741,84.7287,64.4993,-0.2133,-0.0247,0.1886,8.1667,93.8272,20.0,100.0,8.15,8.9,8.15,8.75,258600.0,-1
83.6407,84.5293,61.3662,-0.2605,-0.0829,0.1776,8.0833,92.9855,30.0,100.0,8.55,8.78,8.1,8.57,137500.0,-1
85.5714,85.1988,61.6382,-0.3049,-0.1376,0.1673,8.0138,103.6182,40.0,100.0,8.27,8.7,7.95,8.58,276300.0,1
84.3758,84.2021,56.4234,-0.3467,-0.2065,0.1402,7.9329,93.4959,50.0,90.0,8.11,8.37,7.85,8.28,133400.0,1
85.6492,79.2494,56.8874,-0.3818,-0.2609,0.1209,7.8833,145.0074,60.0,100.0,8.17,8.6,7.87,8.3,239400.0,-1
82.5813,65.0852,55.058,-0.412,-0.3285,0.0835,7.8238,183.7149,70.0,100.0,7.77,8.44,7.77,8.19,195600.0,1
69.5177,45.9028,51.1579,-0.4329,-0.3988,0.034,7.7715,142.6644,80.0,100.0,7.5,8.19,7.5,7.96,136700.0,1
43.1567,29.9097,48.1656,-0.4414,-0.4594,-0.018,7.7446,45.6198,90.0,0.0,7.26,8.17,6.85,7.79,1632100.0,1
25.0341,26.1534,37.8921,-0.4369,-0.5127,-0.0758,7.7381,-101.7173,100.0,10.0,7.02,7.4,6.6,7.28,397700.0,1
21.5383,27.4314,27.7894,-0.4179,-0.5213,-0.1034,7.8035,-118.6451,100.0,20.0,7.25,7.43,6.8,6.88,497900.0,1
31.8878,26.9475,32.4164,-0.392,-0.4841,-0.092,7.9355,-88.6525,90.0,30.0,7.23,7.4,7.17,7.27,320600.0,-1
28.8683,19.6794,34.399,-0.369,-0.4691,-0.1001,8.0305,-71.8794,100.0,40.0,7.81,8.04,7.06,7.42,275300.0,-1
20.0866,13.708,35.4394,-0.344,-0.4586,-0.1145,8.1177,-90.1403,80.0,50.0,7.45,7.67,7.31,7.5,291400.0,1
10.0835,10.3,35.6945,-0.3154,-0.4465,-0.1312,8.206,-107.0703,90.0,60.0,7.43,7.85,7.19,7.521,320500.0,-1
10.9538,11.3152,34.4614,-0.2826,-0.4268,-0.1442,8.3039,-149.0454,100.0,70.0,7.61,7.729,7.14,7.46,195000.0,-1
9.8627,16.9147,37.5415,-0.2465,-0.3892,-0.1427,8.4244,-119.613,80.0,80.0,7.81,7.88,7.6,7.75,273400.0,-1
13.129,27.1301,39.7465,-0.2109,-0.3651,-0.1543,8.5207,-95.0514,90.0,0.0,7.75,8.1,7.75,7.95,251600.0,-1
27.7525,36.791,36.2056,-0.1723,-0.3494,-0.1771,8.6023,13.0641,100.0,10.0,7.95,10.22,7.55,7.74,1519000.0,1
40.5087,36.764,38.5349,-0.128,-0.3029,-0.1749,8.7255,-24.7918,40.0,20.0,9.5,9.5,7.61,7.98,385500.0,-1
42.1119,29.9675,49.3743,-0.0843,-0.2635,-0.1792,8.832,22.8574,50.0,30.0,8.12,9.75,7.9,8.89,194200.0,1
27.6715,22.0328,37.1313,-0.0395,-0.3021,-0.2626,8.8237,-61.9413,60.0,40.0,8.0,8.31,7.85,8.19,142000.0,1
20.119,18.6106,33.1841,0.0262,-0.2757,-0.3019,8.9142,-89.72,70.0,50.0,8.28,8.28,7.66,8.0,180300.0,-1
18.3081,21.6923,33.2831,0.1016,-0.2187,-0.3203,9.0448,-106.0146,80.0,0.0,8.39,8.39,7.67,8.01,223700.0,-1
17.4048,30.4241,35.072,0.1817,-0.1437,-0.3254,9.1926,-97.7011,90.0,0.0,8.19,8.9,7.91,8.2,284900.0,1
29.3639,43.6961,32.3147,0.263,-0.0652,-0.3282,9.3344,-158.458,100.0,10.0,8.19,8.72,7.6,8.04,434300.0,1
44.5035,51.9289,33.5989,0.3451,0.0522,-0.2929,9.5193,-176.2474,100.0,20.0,9.1,9.41,7.9,8.2,198400.0,-1
57.2209,52.5529,45.2242,0.4183,0.1849,-0.2334,9.7078,-33.9302,60.0,0.0,9.16,10.24,9.15,9.35,196600.0,-1
54.0623,44.2264,45.8449,0.4767,0.2346,-0.2421,9.7589,-59.7919,70.0,10.0,9.35,9.83,9.18,9.4,140500.0,-1
46.3754,32.4981,45.8449,0.5372,0.2895,-0.2477,9.8102,-64.609,80.0,0.0,9.5,10.0,9.24,9.4,104800.0,-1
32.2416,24.5584,46.8875,0.5991,0.3554,-0.2437,9.8688,-71.1947,90.0,0.0,9.25,10.2,9.2,9.5,483400.0,1
18.8773,24.2027,43.5362,0.6601,0.4241,-0.236,9.9215,-200.937,100.0,0.0,9.2,9.35,8.09,9.21,300000.0,1
22.5563,30.5989,44.8537,0.7191,0.5352,-0.1839,10.0231,-156.1408,100.0,0.0,10.0,10.13,9.21,9.36,147300.0,-1
31.1746,34.5955,50.7512,0.765,0.6539,-0.1111,10.1179,-92.332,40.0,10.0,10.55,10.66,9.85,10.0,465100.0,-1
38.0659,37.4944,58.247,0.7928,0.7307,-0.0621,10.1347,-34.2088,0.0,20.0,10.18,10.96,9.9,10.696,833100.0,-1
34.5461,38.0247,53.6825,0.8083,0.7473,-0.061,10.0545,-65.5489,0.0,30.0,10.01,10.5,9.88,10.18,389000.0,1
39.8713,41.2359,53.5052,0.8236,0.8101,-0.0135,10.0366,-30.2971,10.0,40.0,10.12,10.75,10.1,10.16,218600.0,-1
39.6566,46.0103,56.3187,0.827,0.8806,0.0536,10.019,27.2978,20.0,50.0,10.59,11.51,10.25,10.45,189600.0,-1
44.1797,55.9323,61.5412,0.8135,0.9282,0.1146,9.9574,32.6154,0.0,60.0,10.4,11.1,10.0,10.97,314100.0,-1
54.1944,68.734,56.7518,0.7849,0.9224,0.1375,9.8128,29.48,0.0,70.0,11.0,11.78,9.34,10.28,1047100.0,1
69.4226,79.195,64.2681,0.7505,0.972,0.2215,9.746,93.6466,10.0,80.0,12.1,12.1,10.68,11.0,533600.0,-1
82.585,85.8277,73.3792,0.6951,0.9478,0.2526,9.5669,142.0481,0.0,90.0,11.81,12.15,11.15,11.75,1029200.0,-1
85.5773,85.7136,72.2461,0.632,0.8267,0.1947,9.255,150.4054,10.0,100.0,10.43,12.574,9.8,11.51,1059700.0,1
89.3208,84.7852,65.9392,0.5833,0.6846,0.1013,8.9328,106.9173,20.0,100.0,10.0,10.51,9.51,10.35,390600.0,1
82.2426,83.9893,63.2852,0.558,0.6114,0.0534,8.7304,113.9983,30.0,90.0,9.63,10.18,9.22,9.94,102200.0,1
82.7921,79.7403,62.5158,0.5446,0.5508,0.0061,8.5576,96.3106,40.0,100.0,9.3,10.27,8.36,9.82,591200.0,1
86.9331,67.1521,56.9704,0.5431,0.4776,-0.0655,8.3773,60.7089,50.0,20.0,9.7,9.78,8.5,9.0,259100.0,1
69.4957,46.2868,61.4613,0.5595,0.4608,-0.0987,8.2883,83.5588,60.0,0.0,8.75,9.7,8.75,9.45,798900.0,1
45.0274,29.7085,56.6806,0.5841,0.3868,-0.1973,8.1223,-12.3127,70.0,0.0,7.15,8.78,7.15,8.75,262900.0,1
24.3371,20.6892,44.794,0.6335,0.358,-0.2754,8.0327,-90.313,80.0,10.0,7.27,7.65,7.06,7.4,218700.0,1
19.761,20.412,45.0412,0.7023,0.4535,-0.2488,8.123,-89.5062,90.0,20.0,8.0,8.16,7.42,7.43,275400.0,-1
17.9696,29.2898,49.6434,0.7645,0.5658,-0.1988,8.2221,-120.3825,100.0,30.0,7.3,8.0,6.9,7.99,496100.0,1
23.5055,43.3989,44.1395,0.8142,0.6438,-0.1704,8.2552,-150.4237,0.0,40.0,7.54,7.82,7.25,7.39,587200.0,1
46.3944,53.7244,46.1839,0.8568,0.7951,-0.0618,8.3788,-78.2583,10.0,50.0,9.25,9.53,7.29,7.66,905600.0,-1
60.2969,57.4921,61.209,0.8723,0.9491,0.0769,8.4815,82.6846,0.0,60.0,9.76,9.9,9.25,9.25,190200.0,-1
54.4819,58.343,67.4164,0.853,0.9701,0.117,8.3717,106.0772,10.0,70.0,9.2,9.82,9.09,9.75,322400.0,1
57.6975,66.4944,63.9263,0.8238,0.9318,0.108,8.1748,51.5488,20.0,80.0,8.7,9.4,7.99,9.22,297000.0,1
62.8495,68.8439,59.9973,0.7968,0.9233,0.1265,8.0255,100.3527,30.0,90.0,10.0,10.3,8.53,8.68,323500.0,-1
78.9362,65.2345,76.1761,0.7652,0.954,0.1888,7.932,193.2595,40.0,100.0,8.99,10.37,8.36,9.85,462400.0,-1
64.746,51.2036,70.0194,0.718,0.8602,0.1423,7.658,133.9159,50.0,100.0,8.55,9.59,8.05,8.86,558500.0,1
52.0213,40.5047,69.5908,0.6824,0.8288,0.1464,7.4863,131.1001,60.0,30.0,7.93,9.12,7.87,8.8,629500.0,1
36.8433,33.1475,62.8116,0.6458,0.7828,0.137,7.2986,0.706,70.0,40.0,7.75,8.25,7.75,7.95,201900.0,1
32.6496,32.3602,61.0655,0.6115,0.7992,0.1877,7.2055,-47.4391,0.0,50.0,7.93,8.25,7.2,7.76,488300.0,1
29.9495,32.7901,64.6609,0.5646,0.8279,0.2633,7.1263,9.5035,0.0,60.0,7.95,8.15,7.6,8.01,168400.0,-1
34.4815,41.2568,62.9324,0.4988,0.827,0.3282,7.0001,-15.5502,0.0,70.0,7.65,8.01,7.15,7.79,218300.0,1
33.9394,51.0625,62.3294,0.4168,0.8362,0.4195,6.8872,45.5635,0.0,80.0,8.51,9.1,7.2,7.71,305400.0,-1
55.3497,67.6962,70.4524,0.3119,0.844,0.5321,6.7697,67.0044,0.0,90.0,7.8,8.75,7.28,8.34,592100.0,1
63.8985,76.635,67.0816,0.1789,0.7774,0.5986,6.5454,77.2793,0.0,100.0,9.17,9.4,7.3,7.79,394100.0,-1
83.8404,82.9173,86.4466,0.0292,0.7372,0.708,6.3676,123.6957,0.0,100.0,7.99,9.35,7.86,8.99,345000.0,-1
82.1662,82.0823,81.5815,-0.1478,0.553,0.7007,5.9929,87.1359,10.0,100.0,8.25,8.25,7.3,7.77,1176100.0,1
82.7454,83.1772,82.0159,-0.323,0.434,0.7569,5.7391,98.8774,0.0,100.0,7.43,8.18,7.2,7.79,916600.0,1
