SlowD,SlowK,RSI,EMA,CCI,Aroon Down,Aroon Up,1. open,2. high,3. low,4. close,5. volume,Trend label
40.1995,33.9041,30.1205,0.3292,10.0049,100.0,100.0,0.285,0.4002,0.26,0.262,22068497.0,1
38.5539,40.1481,31.5407,0.3388,-87.1019,80.0,0.0,0.315,0.315,0.2623,0.2752,3069878.0,-1
35.2752,46.5464,36.1684,0.3479,-44.6482,90.0,10.0,0.288,0.33,0.265,0.315,4759082.0,-1
26.6254,28.9671,25.7476,0.3526,-85.5227,100.0,0.0,0.3195,0.3195,0.26,0.2727,2728112.0,1
22.9259,30.312,30.1822,0.364,-56.1967,60.0,10.0,0.3016,0.319,0.3,0.315,1322859.0,-1
16.0899,20.5972,26.4066,0.371,-81.4864,70.0,20.0,0.3,0.323,0.29,0.301,1264104.0,1
15.1405,17.8684,26.1499,0.381,-114.8565,80.0,30.0,0.29,0.32,0.28,0.3,2587954.0,1
17.1803,9.8039,23.756,0.3926,-176.2043,90.0,40.0,0.3,0.31,0.28,0.29,2348478.0,1
28.979,17.749,24.4699,0.4073,-186.9532,100.0,50.0,0.33,0.38,0.27,0.3,4857015.0,-1
36.3243,23.9879,26.6306,0.4226,-80.9915,10.0,60.0,0.39,0.39,0.33,0.33,2135510.0,-1
41.7162,45.2,31.2303,0.4358,48.9621,0.0,0.0,0.39,0.394,0.37,0.3856,1619931.0,-1
37.905,39.7849,30.1365,0.443,109.2133,10.0,0.0,0.42,0.44,0.38,0.38,3329791.0,-1
37.691,40.1637,32.6396,0.452,20.8407,20.0,0.0,0.38,0.43,0.36,0.41,7626857.0,1
37.0034,33.7664,20.7984,0.458,-22.7273,30.0,10.0,0.36,0.45,0.35,0.35,6362848.0,1
36.2037,39.1428,20.7984,0.4734,-51.8158,40.0,0.0,0.36,0.37,0.35,0.35,1283287.0,1
32.3627,38.1011,21.304,0.491,-55.4087,50.0,0.0,0.37,0.39,0.34,0.36,1896954.0,-1
27.5892,31.3671,21.7805,0.5098,-64.4054,60.0,10.0,0.37,0.38,0.35,0.37,945817.0,-1
23.4779,27.6199,21.7805,0.5297,-81.2882,70.0,20.0,0.35,0.4,0.326,0.37,2622732.0,1
21.2554,23.7807,17.2848,0.5526,-129.0718,80.0,30.0,0.34,0.35,0.32,0.34,1466173.0,1
21.1063,19.0332,17.2848,0.5829,-183.8843,90.0,40.0,0.35,0.41,0.32,0.34,2868036.0,-1
24.7619,20.9524,17.2848,0.6176,-333.3333,100.0,50.0,0.57,0.57,0.26,0.34,9063318.0,-1
24.4444,23.3333,24.9514,0.6573,-136.3636,100.0,60.0,0.58,0.58,0.55,0.56,2086706.0,-1
24.7619,30.0,25.891,0.6712,-36.036,100.0,70.0,0.59,0.59,0.55,0.58,2051693.0,-1
22.6984,20.0,25.891,0.6842,9.009,90.0,80.0,0.59,0.59,0.56,0.58,1936509.0,1
23.9683,24.2857,25.891,0.6991,15.1515,0.0,90.0,0.56,0.61,0.55,0.58,3061183.0,1
20.4365,23.8095,22.7084,0.7161,45.4545,10.0,0.0,0.59,0.65,0.55,0.55,3221110.0,1
20.9596,23.8095,23.6214,0.7398,43.0839,20.0,10.0,0.57,0.62,0.56,0.58,2655594.0,-1
24.6573,13.6905,22.6889,0.7627,-16.7866,30.0,20.0,0.56,0.61,0.55,0.57,5866560.0,1
33.5137,25.3788,20.9517,0.7902,-136.6906,40.0,0.0,0.58,0.58,0.55,0.55,1437683.0,1
36.9589,34.9026,21.1657,0.8245,-40.404,50.0,0.0,0.6,0.62,0.55,0.56,2372685.0,-1
38.9159,40.2597,21.766,0.8623,-48.9418,60.0,10.0,0.56,0.59,0.55,0.59,1430237.0,1
38.8757,35.7143,19.7167,0.9012,-85.7143,70.0,0.0,0.56,0.6,0.55,0.56,2424677.0,1
37.0172,40.7738,19.7167,0.95,-89.2655,80.0,10.0,0.6,0.61,0.55,0.56,2180032.0,-1
30.1984,40.1389,20.1441,1.0057,-13.285,90.0,20.0,0.6,0.63,0.58,0.59,2473129.0,-1
23.0093,30.1389,20.1441,1.065,-81.3008,100.0,30.0,0.63,0.63,0.52,0.59,3771962.0,-1
20.1058,20.3175,20.1441,1.1329,-41.0053,40.0,0.0,0.59,0.66,0.56,0.59,4982173.0,1
21.2698,18.5714,19.7213,1.2105,-90.7457,50.0,0.0,0.58,0.59,0.55,0.58,2007719.0,1
24.3386,21.4286,19.3368,1.3005,-71.1787,60.0,10.0,0.6,0.61,0.55,0.57,3206529.0,-1
23.4606,23.8095,19.5049,1.4049,-54.5959,70.0,20.0,0.63,0.68,0.58,0.59,6541734.0,-1
19.7804,27.7778,19.6588,1.5213,-56.1242,80.0,30.0,0.55,0.7,0.55,0.61,6754742.0,1
11.5083,18.7945,19.0844,1.6515,-67.2917,90.0,40.0,0.6,0.65,0.55,0.59,7987910.0,-1
6.2476,12.769,19.3332,1.8031,-70.7031,100.0,50.0,0.58,0.81,0.53,0.63,21126025.0,-1
2.7546,2.9614,18.3756,1.9707,-94.3083,100.0,0.0,0.66,0.69,0.56,0.59,4983824.0,-1
3.8353,3.0126,18.8282,2.168,-99.714,90.0,10.0,0.7,0.74,0.67,0.68,5131739.0,-1
5.246,2.2897,18.8747,2.3806,-130.2224,100.0,20.0,0.75,0.75,0.62,0.69,8224613.0,-1
6.9379,6.2036,19.1298,2.6221,-175.0434,90.0,30.0,0.74,0.83,0.73,0.75,10328298.0,-1
7.018,7.2446,18.9655,2.8895,-133.232,100.0,40.0,2.14,2.41,0.72,0.74,31053317.0,-1
7.6862,7.3656,20.7068,3.1966,-146.9886,100.0,0.0,1.74,1.76,1.02,1.2,4768997.0,-1
8.8032,6.4437,22.9313,3.4818,-78.6506,100.0,10.0,1.68,1.93,1.6442,1.74,2643036.0,-1
9.3484,9.2491,22.2351,3.7306,-90.3513,90.0,20.0,1.89,1.92,1.68,1.69,1739019.0,-1
8.4891,10.7167,23.06,4.0221,-84.5489,100.0,0.0,1.75,2.1193,1.66,1.91,3618794.0,-1
6.8912,8.0792,23.6339,4.3239,-84.9504,70.0,0.0,1.99,2.17,1.9101,2.07,3631079.0,-1
6.5759,6.6714,22.2184,4.6458,-63.6727,80.0,0.0,1.99,3.6,1.9,1.94,31150984.0,1
7.2191,5.923,22.333,5.0324,-107.8978,90.0,10.0,2.1,2.28,1.87,1.98,2313678.0,-1
8.9491,7.1332,22.6486,5.4685,-123.9262,100.0,0.0,2.44,2.47,1.835,2.1,3373940.0,-1
12.1747,8.6012,23.4177,5.9497,-112.2273,100.0,0.0,2.84,2.89,2.32,2.41,1956577.0,-1
14.5667,11.1129,24.4294,6.4553,-105.4929,100.0,0.0,3.57,3.58,2.611,2.83,2994961.0,-1
14.9745,16.8099,26.148,6.9732,-83.3415,90.0,10.0,3.58,4.75,3.3501,3.54,3036489.0,-1
12.1927,15.7772,26.2416,7.4637,-124.261,100.0,0.0,4.0,4.0,3.15,3.58,2123613.0,-1
9.943,12.3365,27.621,8.0185,-138.5346,100.0,0.0,0.2,0.219,0.162,0.21,15935882.0,1
8.9889,8.4644,25.3071,8.564,-167.4905,100.0,0.0,0.2521,0.2578,0.1711,0.1897,19341115.0,-1
10.9052,9.0281,27.7194,9.2454,-122.5506,100.0,10.0,0.3,0.302,0.25,0.2511,13116548.0,-1
15.0365,9.4742,29.0082,9.8488,-98.7073,90.0,0.0,0.2885,0.3488,0.2655,0.2829,19671254.0,-1
19.1645,14.2134,28.7363,10.4475,-134.6741,100.0,10.0,0.3196,0.32,0.2624,0.28,15146810.0,-1
18.5686,21.4219,29.8838,11.14,-113.4709,100.0,20.0,0.35,0.35,0.31,0.3123,8238177.0,-1
13.0554,21.8582,31.2032,11.8391,-104.4912,80.0,0.0,0.3646,0.37,0.323,0.3503,13364988.0,-1
9.6562,12.4258,31.5964,12.5295,-108.9771,90.0,10.0,0.317,0.408,0.317,0.3622,28219484.0,1
12.5331,4.8824,28.7232,13.2846,-214.2266,100.0,0.0,0.37,0.379,0.3149,0.3199,24501050.0,-1
19.303,11.6605,30.3535,14.2684,-116.7345,0.0,0.0,0.4,0.412,0.38,0.38,10348930.0,-1
23.9917,21.0565,30.9668,15.2211,-58.7443,10.0,0.0,0.43,0.44,0.39,0.4033,12739041.0,-1
23.4322,25.1921,31.3807,16.2432,-47.0291,20.0,10.0,0.43,0.4552,0.41,0.4202,17071753.0,-1
19.7621,25.7265,31.6102,17.3631,-52.1419,30.0,20.0,0.434,0.4496,0.392,0.4304,17169664.0,-1
13.7319,19.3781,31.2374,18.6138,-57.9513,40.0,30.0,0.486,0.51,0.392,0.422,24908572.0,-1
9.7068,14.1816,32.3403,20.0672,-64.3855,50.0,40.0,0.455,0.49,0.4202,0.4804,16955633.0,-1
8.2541,7.6358,30.9962,21.5614,-77.9759,60.0,50.0,0.465,0.503,0.4306,0.4446,21359287.0,1
14.9231,7.3029,31.08,23.3713,-99.1282,70.0,60.0,0.41,0.5588,0.38,0.45,55997171.0,1
31.0627,9.8235,29.6501,25.4244,-130.2871,80.0,70.0,0.4652,0.475,0.39,0.4049,38393884.0,-1
53.6903,27.6428,30.2833,27.8995,-146.7279,90.0,80.0,0.702,0.7737,0.445,0.4554,76302828.0,-1
73.2263,55.7217,32.2744,30.5841,-114.9634,100.0,90.0,2.1,2.13,0.275,0.6175,188854196.0,-1
83.4363,77.7064,70.3412,33.1889,94.213,40.0,100.0,2.34,2.4901,1.93,2.1,19991270.0,-1
87.5282,86.2509,76.9534,31.9302,126.9068,50.0,100.0,2.15,2.3,2.03,2.22,13438741.0,1
82.5423,86.3515,74.4296,30.1488,150.2399,0.0,90.0,2.19,2.19,1.92,2.08,16530192.0,1
68.5761,89.9821,76.5862,28.5129,215.3138,0.0,100.0,1.77,2.29,1.75,2.12,41295824.0,1
47.9052,71.2932,68.6032,26.529,138.2463,0.0,30.0,1.56,1.775,1.5311,1.73,13367950.0,1
36.2858,44.4529,62.3885,25.376,48.6494,0.0,40.0,1.3,1.55,1.25,1.52,10745341.0,1
39.8002,27.9694,53.2712,24.6583,6.5056,10.0,50.0,1.23,1.4,1.16,1.29,7099166.0,1
50.9917,36.435,51.4283,24.4952,9.479,20.0,60.0,1.37,1.38,1.16,1.25,5197214.0,-1
63.5748,54.9962,58.1346,24.4231,52.7599,0.0,70.0,1.4,1.47,1.36,1.38,6164886.0,-1
69.1958,61.5438,60.3125,23.9693,71.6888,0.0,80.0,1.55,1.55,1.31,1.42,9266451.0,-1
70.277,74.1845,67.0997,23.3363,124.5218,0.0,90.0,1.5,1.61,1.48,1.54,7968463.0,-1
63.5053,71.8591,65.3448,22.2701,191.6451,10.0,100.0,1.58,1.9,1.38,1.48,25912827.0,-1
60.4264,64.7873,65.8718,21.223,220.4892,20.0,100.0,1.06,1.55,0.99,1.49,21155228.0,1
63.6179,53.8695,50.3845,19.9977,169.6749,30.0,100.0,0.88,1.24,0.85,1.06,13581144.0,1
72.5514,62.6226,40.1527,19.8259,47.5757,40.0,0.0,0.879,0.88,0.7804,0.88,4591049.0,1
77.2518,74.3617,38.9953,20.1439,64.1399,50.0,0.0,1.0,1.03,0.78,0.8616,8759887.0,-1
70.0905,80.6699,43.9839,20.5599,30.4413,60.0,0.0,0.83,1.04,0.8016,0.9815,7482004.0,1
52.2998,76.7239,34.4473,20.6927,-27.4482,70.0,10.0,0.85,0.8676,0.7819,0.83,2869647.0,1
29.1896,52.8778,34.6576,21.2774,-34.0697,80.0,20.0,0.8,0.9051,0.7675,0.836,6539303.0,1
13.9702,27.2978,31.1187,21.9285,-63.1465,90.0,30.0,0.66,0.78,0.6,0.7799,6084548.0,1
8.5732,7.3931,20.7963,22.8328,-90.3383,100.0,40.0,0.66,0.7,0.5855,0.6299,7281791.0,1
10.6444,7.2197,21.5741,24.2949,-98.6483,70.0,50.0,0.81,0.835,0.67,0.67,8238679.0,-1
17.408,11.1067,24.5198,25.8514,-124.1355,80.0,0.0,0.703,0.8437,0.6626,0.8131,7691662.0,-1
27.2804,13.6069,16.4085,27.2213,-204.8035,90.0,0.0,0.825,0.8421,0.668,0.7001,11664182.0,-1
37.0074,27.5104,17.7763,29.1097,-324.579,100.0,10.0,1.46,1.48,0.655,0.79,23429102.0,-1
39.6402,40.724,41.0987,31.0111,-48.8297,30.0,20.0,1.56,1.57,1.45,1.47,3411608.0,-1
34.8974,42.7878,45.8787,31.2413,-0.3497,40.0,30.0,1.51,1.67,1.5,1.53,4132756.0,-1
28.6407,35.409,42.8897,31.3329,-50.1366,50.0,40.0,1.49,1.55,1.47,1.5,4086436.0,1
25.3287,26.4955,41.9276,31.5233,-60.5373,0.0,50.0,1.49,1.58,1.45,1.49,5678973.0,1
28.7971,24.0175,41.0335,31.7695,-95.4908,10.0,0.0,1.49,1.51,1.41,1.48,3757444.0,1
38.8781,25.4731,41.61,32.0794,-108.1701,20.0,10.0,1.46,1.52,1.45,1.49,2814146.0,1
51.6419,36.9007,40.0949,32.405,-161.9758,30.0,20.0,1.49,1.53,1.42,1.47,4217615.0,-1
61.7304,54.2604,41.5504,32.8343,-163.3038,40.0,30.0,1.78,1.78,1.37,1.5,9701922.0,-1
65.4827,63.7645,55.4366,33.2392,70.5195,0.0,40.0,1.72,1.828,1.66,1.73,4567290.0,-1
65.6838,67.1664,52.3188,33.0448,38.7977,10.0,50.0,1.66,1.8,1.615,1.68,4315211.0,1
64.3491,65.5172,51.7107,32.9655,34.8692,20.0,60.0,1.72,1.78,1.58,1.67,4184413.0,-1
65.6559,64.3678,56.9393,32.9035,75.546,30.0,70.0,1.74,1.8,1.65,1.75,3984187.0,-1
71.6636,63.1623,56.4438,32.604,89.5755,40.0,80.0,1.72,1.78,1.65,1.74,6136026.0,1
79.2834,69.4376,51.9673,32.2902,5.8939,50.0,90.0,1.72,1.74,1.34,1.65,9902887.0,1
81.8944,82.3908,51.9673,32.1888,98.166,60.0,100.0,1.78,1.92,1.63,1.65,9641545.0,-1
71.397,86.0218,56.6863,32.073,97.002,70.0,10.0,1.69,1.829,1.65,1.74,7829122.0,1
51.4708,77.2708,55.0537,31.6834,58.9159,80.0,20.0,1.56,1.75,1.52,1.7,4589953.0,1
28.8867,50.8986,48.9983,31.3524,1.9409,90.0,0.0,1.5,1.67,1.5,1.56,6421061.0,1
18.173,26.2432,46.2026,31.3742,-102.4851,100.0,0.0,1.27,1.63,1.1,1.5,11132012.0,1
17.8904,9.5183,38.0532,31.5705,-153.0176,100.0,0.0,1.43,1.5,1.2701,1.34,6141995.0,1
28.496,18.7576,40.8369,32.252,-138.8294,100.0,10.0,1.48,1.52,1.4,1.42,6681387.0,-1
33.0994,25.3953,44.1037,32.8023,-107.173,0.0,20.0,1.61,1.69,1.46,1.51,7516224.0,-1
34.205,41.3353,49.2224,33.1741,-72.2911,0.0,30.0,1.6,1.75,1.46,1.64,9967014.0,-1
27.7363,32.5678,47.9682,33.2275,-26.2295,10.0,40.0,1.78,1.8,1.6,1.61,7154624.0,-1
27.472,28.712,55.351,33.3743,22.1158,0.0,50.0,1.65,1.9,1.61,1.79,10871861.0,-1
33.2274,21.9291,49.0815,33.0278,-10.6252,10.0,60.0,1.66,1.74,1.5,1.63,9736194.0,1
47.281,31.7749,51.0995,33.0889,18.1981,20.0,70.0,1.74,1.78,1.65,1.68,7158013.0,-1
61.8885,45.978,54.3154,33.0159,53.2936,30.0,80.0,1.78,1.96,1.72,1.76,13801392.0,-1
70.4988,64.0899,54.7027,32.7039,72.8342,40.0,90.0,1.94,1.99,1.73,1.77,13475803.0,-1
66.7846,75.5975,59.2669,32.3187,165.8351,50.0,100.0,2.39,2.39,1.83,1.89,36604800.0,-1
54.0168,71.809,75.2846,31.5357,297.3689,60.0,100.0,1.61,2.3,1.58,2.23,34595514.0,1
41.9895,52.9473,53.1758,29.6694,225.5068,70.0,100.0,1.38,1.65,1.36,1.57,27643835.0,1
40.121,37.2941,37.0505,29.4221,-112.651,80.0,0.0,1.34,1.36,1.28,1.36,7396486.0,1
44.3915,35.7272,36.1075,29.7396,-89.2127,90.0,0.0,1.34,1.4,1.3,1.35,7146599.0,1
46.3206,47.3416,35.2344,30.1309,-77.5076,100.0,10.0,1.38,1.4,1.275,1.34,9276928.0,-1
37.0043,50.1058,36.5843,30.6068,-55.8683,70.0,20.0,1.47,1.47,1.32,1.37,11608229.0,-1
22.6035,41.5144,40.2889,31.0649,-48.6794,80.0,30.0,1.4,1.47,1.36,1.45,12515456.0,-1
11.4376,19.3927,36.6823,31.3599,-61.6008,90.0,40.0,1.37,1.48,1.36,1.4,17207804.0,1
8.3489,6.9032,35.2749,31.8399,-91.8002,100.0,50.0,1.37,1.42,1.3,1.38,7767037.0,1
15.125,8.0169,34.621,32.4455,-111.0868,70.0,60.0,1.41,1.43,1.36,1.37,9869477.0,-1
26.4354,10.1266,33.41,33.1663,-148.5801,80.0,70.0,1.49,1.51,1.35,1.35,16403094.0,-1
44.2556,27.2314,36.7825,34.0472,-155.5808,90.0,80.0,1.45,1.55,1.36,1.46,21800231.0,-1
53.8869,41.9482,34.6227,34.7397,-114.752,100.0,90.0,1.89,1.91,1.33,1.42,32041278.0,-1
56.8818,63.5873,53.5631,35.6454,141.2399,20.0,100.0,1.81,2.12,1.78,1.88,15584262.0,-1
48.354,56.1253,49.2146,35.3661,129.382,30.0,40.0,1.84,1.93,1.78,1.8,5245103.0,1
43.6126,50.9327,51.3797,35.2756,138.7398,40.0,50.0,1.69,1.93,1.655,1.84,7139193.0,1
42.4783,38.004,42.2303,35.0578,38.0377,50.0,60.0,1.76,1.76,1.6,1.68,6590455.0,1
48.8917,41.9012,41.6123,35.2661,35.568,60.0,0.0,1.65,1.77,1.61,1.67,6395291.0,1
51.8257,47.5297,39.2734,35.5327,-1.6461,70.0,10.0,1.65,1.77,1.6,1.63,4471767.0,1
46.8334,57.2441,40.3648,35.9516,-19.8213,80.0,20.0,1.78,1.79,1.5501,1.66,4596107.0,-1
32.2373,50.7033,44.0361,36.3447,33.0633,90.0,30.0,1.72,1.963,1.66,1.76,14208757.0,-1
18.6746,32.5529,38.4983,36.5082,-65.7038,100.0,0.0,1.58,1.68,1.43,1.65,10662672.0,1
11.2217,13.4557,33.6648,37.0094,-95.7529,100.0,10.0,1.53,1.58,1.48,1.56,6472145.0,1
9.5373,10.0151,32.063,37.8393,-128.4691,100.0,20.0,1.57,1.59,1.48,1.53,5648640.0,-1
14.5039,10.1942,33.0198,38.8735,-145.9938,100.0,30.0,1.68,1.7,1.51,1.57,7855603.0,-1
23.4435,8.4025,35.9134,39.9412,-136.0723,20.0,40.0,1.75,1.76,1.62,1.69,6786475.0,-1
38.727,24.915,35.9134,40.8185,-144.4545,30.0,0.0,1.77,1.82,1.65,1.69,7236403.0,-1
49.313,37.0129,37.9327,41.8211,-41.1223,40.0,10.0,2.08,2.15,1.76,1.78,10453411.0,-1
55.0969,54.2531,45.3234,42.7099,8.6334,50.0,0.0,1.87,2.15,1.8,2.07,7890147.0,-1
52.6068,56.6729,37.8016,42.897,-55.095,60.0,10.0,1.94,1.98,1.84,1.87,3662289.0,1
41.8062,54.3648,39.7712,43.6823,-46.7071,70.0,0.0,2.05,2.07,1.83,1.95,6985062.0,-1
30.6879,46.7827,42.2477,44.3512,-19.8183,80.0,10.0,1.87,2.26,1.85,2.05,6954984.0,1
19.2562,24.271,36.9474,44.8299,-92.859,90.0,0.0,1.86,1.94,1.75,1.9,4963559.0,1
17.1116,21.0099,35.5272,45.8056,-142.385,100.0,0.0,1.72,2.0,1.5599,1.86,8707519.0,1
14.8974,12.4876,30.2232,47.035,-156.362,100.0,10.0,2.07,2.1,1.69,1.71,9186519.0,-1
17.8161,17.8374,36.9764,48.8685,-100.5002,100.0,20.0,2.11,2.18,1.92,2.08,7579710.0,-1
19.6977,14.3672,38.0093,49.9069,-69.787,60.0,30.0,2.17,2.47,2.1,2.13,8885043.0,-1
21.1482,21.2438,39.1917,50.9507,-90.9505,70.0,0.0,2.27,2.28,2.15,2.19,5520400.0,-1
18.0082,23.4822,40.7114,51.9723,-81.7544,80.0,0.0,2.4,2.5,2.23,2.27,6017500.0,-1
21.1543,18.7185,42.9604,52.9111,-108.8067,90.0,10.0,2.36,2.39,2.22,2.39,4834500.0,-1
28.9012,11.8237,42.2425,53.6413,-133.2587,100.0,20.0,2.15,2.63,2.09,2.36,13831000.0,1
43.4071,32.9207,37.2685,54.5615,-224.5021,100.0,0.0,2.53,2.58,2.12,2.15,13365600.0,-1
43.128,41.9592,43.3481,56.2131,-121.4361,0.0,10.0,3.11,3.138,2.48,2.53,11416700.0,-1
41.0726,55.3415,55.5903,57.015,56.2653,10.0,20.0,2.79,3.16,2.76,3.1,9942600.0,-1
36.9176,32.0833,48.7318,56.3029,8.1471,0.0,30.0,2.95,3.03,2.6935,2.8,8216300.0,1
45.222,35.793,52.1119,56.3461,30.7424,10.0,40.0,2.68,3.07,2.63,2.94,14553900.0,1
54.7264,42.8763,46.6395,55.9956,7.7956,20.0,50.0,2.9,2.9099,2.56,2.71,9494400.0,1
60.4587,56.9967,49.7543,56.2521,41.4973,30.0,60.0,3.11,3.17,2.6,2.85,10624800.0,-1
61.0432,64.3061,56.5526,56.1453,106.0124,0.0,70.0,3.02,3.36,2.96,3.13,14565500.0,-1
56.7881,60.0731,54.347,55.2232,128.5242,0.0,80.0,3.02,3.23,2.97,3.02,14918000.0,1
54.2256,58.7504,53.9646,54.4836,161.2874,10.0,90.0,2.91,3.17,2.78,3.0,27439400.0,1
51.1517,51.5408,51.9733,53.6956,218.5572,20.0,100.0,2.41,3.58,2.34,2.89,51093600.0,1
52.9678,52.3858,42.1448,53.1092,38.5083,30.0,0.0,2.31,2.45,2.14,2.41,6657000.0,1
56.1687,49.5286,39.5952,53.8105,45.7863,40.0,0.0,2.31,2.54,2.25,2.3,7460900.0,1
60.5704,56.9889,39.5952,54.9263,-37.8063,50.0,0.0,2.14,2.31,2.01,2.3,8290200.0,1
56.3157,61.9886,36.9348,56.2015,-44.6535,60.0,0.0,2.32,2.47,2.09,2.17,9234800.0,-1
42.6225,62.7336,38.8291,58.0303,-20.5542,70.0,0.0,2.45,2.71,2.24,2.33,17466300.0,-1
23.7999,44.225,40.1017,59.6632,-30.3986,80.0,10.0,2.6,2.65,2.25,2.44,20929400.0,-1
10.5987,20.9088,37.5914,61.2151,-71.5382,90.0,0.0,1.79,2.42,1.72,2.29,22499100.0,1
7.2492,6.2661,28.8212,63.4172,-114.9912,100.0,10.0,2.07,2.1,1.66,1.8,19036200.0,1
9.058,4.6213,30.8945,67.334,-112.5919,100.0,0.0,2.33,2.3878,2.0,2.06,14917300.0,-1
12.053,10.8602,32.6851,71.0674,-114.1143,100.0,0.0,2.23,2.72,2.15,2.28,22617100.0,-1
13.839,11.6924,31.7136,74.7056,-125.7131,100.0,0.0,2.9,2.9,2.15,2.22,22800900.0,-1
16.417,13.6063,37.3775,79.035,-96.2416,100.0,10.0,3.35,3.3501,2.54,2.92,42284000.0,-1
18.7419,16.2182,39.3661,81.9829,-94.6817,100.0,20.0,3.44,3.65,2.9,3.14,26024200.0,-1
19.4817,19.4265,41.3459,84.7233,-98.3681,70.0,30.0,3.94,4.04,3.2,3.36,27017500.0,-1
20.1237,20.5809,47.0581,87.2266,-78.6965,80.0,40.0,3.92,4.24,3.65,3.95,26972800.0,-1
24.092,18.4375,46.608,88.4018,-93.2685,90.0,50.0,3.47,4.12,3.26,3.91,42206700.0,1
35.069,21.3527,44.7041,89.8592,-72.5603,100.0,60.0,5.17,5.46,3.15,3.73,90719300.0,-1
51.3714,32.4857,56.8722,92.0391,-33.9014,0.0,70.0,4.54,5.02,4.045,4.93,56308200.0,-1
68.5143,51.3686,61.114,91.1018,20.0923,0.0,80.0,5.8,5.8,4.82,5.27,36187500.0,-1
77.0028,70.2599,66.7837,89.0592,87.9387,0.0,90.0,7.05,7.15,5.55,5.7,44466400.0,-1
76.3963,83.9142,89.3339,85.4963,191.2738,0.0,100.0,6.8,7.77,6.64,7.0,71428300.0,-1
69.7292,76.8341,87.4228,77.71,195.7624,0.0,100.0,5.22,6.84,5.1004,6.35,60606200.0,1
68.4635,68.4406,81.7036,70.6686,113.6551,10.0,100.0,4.37,5.3,4.31,5.09,29811700.0,1
73.6451,63.913,75.2804,66.2213,66.8814,0.0,70.0,4.05,4.35,3.94,4.29,10331800.0,1
82.4191,73.037,72.4515,63.4243,66.1426,0.0,80.0,4.11,4.2,3.84,4.03,23428800.0,1
86.9928,83.9852,75.7524,60.9706,91.1625,10.0,90.0,4.5,4.55,3.695,4.14,27249800.0,-1
86.9878,90.2353,84.9338,57.8521,150.1899,0.0,100.0,4.05,4.78,4.04,4.43,45053900.0,1
77.2021,86.7579,82.0268,53.4596,162.5863,10.0,90.0,3.94,4.06,3.58,4.0,24114800.0,1
65.5114,83.9703,82.0268,49.6681,250.0804,0.0,100.0,3.0,4.1642,2.94,4.0,35842100.0,1
50.6763,60.878,70.4123,45.335,250.8765,10.0,100.0,2.44,3.19,2.38,2.92,38973000.0,1
45.2663,51.6858,57.9612,43.4685,96.544,20.0,50.0,2.25,2.44,2.18,2.37,12469800.0,1
44.2254,39.4651,50.0501,42.9069,-13.3333,30.0,60.0,2.22,2.26,2.09,2.14,7481600.0,1
45.7874,44.6481,53.6026,42.9222,24.0,0.0,70.0,2.27,2.3,2.15,2.23,6943700.0,-1
43.6476,48.563,53.2709,42.6825,13.1848,10.0,80.0,2.13,2.28,2.06,2.22,8623600.0,1
35.6366,44.1512,50.3989,42.4371,7.2607,0.0,90.0,2.31,2.33,2.01,2.13,14153400.0,-1
34.166,38.2286,55.8956,42.4139,95.5433,0.0,100.0,2.17,2.58,2.13,2.29,29213700.0,-1
38.9006,24.5299,49.3732,41.9301,-4.8377,10.0,60.0,1.99,2.19,1.9,2.08,18361200.0,1
55.691,39.7395,46.3107,41.9773,-32.06,20.0,70.0,2.0,2.01,1.9,1.99,15483700.0,1
66.454,52.4323,44.6362,42.2883,18.4437,30.0,80.0,2.38,2.47,1.85,1.94,26407200.0,-1
73.1342,74.9014,59.2793,42.7867,119.894,40.0,90.0,2.27,2.41,2.26,2.38,3975800.0,-1
69.9264,72.0285,54.3815,42.099,127.4775,50.0,100.0,2.44,2.53,2.15,2.22,10332000.0,-1
62.028,72.4729,60.0713,41.7703,137.8046,60.0,100.0,2.0,2.47,1.9,2.36,12021500.0,1
47.9815,65.2778,46.8423,40.9947,-27.9149,70.0,0.0,1.95,2.06,1.8,1.99,5791600.0,1
30.5926,48.3333,45.0716,41.1653,-25.3448,80.0,0.0,2.07,2.1,1.88,1.95,5777500.0,-1
20.4032,30.3333,48.3317,41.4747,-35.957,90.0,0.0,1.81,2.13,1.78,2.04,9864800.0,1
21.1027,13.1111,35.7922,41.571,-137.4579,100.0,0.0,1.78,1.85,1.65,1.77,9029300.0,1
28.0134,17.7652,36.0841,42.4526,-135.4787,100.0,0.0,1.87,1.9499,1.75,1.78,9490900.0,-1
31.6337,32.4319,38.6365,43.4316,-113.7725,100.0,0.0,2.1,2.15,1.81,1.87,9027800.0,-1
26.1081,33.8433,46.1436,44.2932,-72.1946,80.0,10.0,2.24,2.25,2.06,2.1,3133400.0,-1
20.1292,28.6258,50.7762,44.6208,-87.1252,90.0,20.0,2.01,2.23,1.97,2.22,16118800.0,1
17.982,15.8552,43.5504,44.6524,-130.0718,100.0,30.0,2.18,2.25,1.92,2.05,6501900.0,1
22.4531,15.9066,48.0295,45.1741,-124.3736,0.0,40.0,2.24,2.26,2.04,2.17,5113600.0,-1
32.4234,22.1842,49.5586,45.4276,-67.6585,10.0,50.0,2.42,2.45,2.12,2.21,9102300.0,-1
41.7029,29.2685,55.0827,45.6029,-15.8548,0.0,60.0,2.48,2.52,2.21,2.35,7582100.0,-1
55.0221,45.8175,64.8397,45.4033,59.5999,10.0,70.0,2.47,2.66,2.44,2.56,7659400.0,-1
63.276,50.0227,60.9899,44.5753,68.0584,0.0,80.0,2.66,2.75,2.43,2.43,8796193.0,-1
70.79,69.226,75.9611,44.0003,125.1528,0.0,90.0,2.55,2.89,2.5,2.69,10617600.0,-1
68.6517,70.5794,70.74,42.6003,146.3209,0.0,100.0,2.55,3.0,2.42,2.48,22230400.0,1
66.5433,72.5647,74.9245,41.6004,151.2605,0.0,80.0,2.45,2.55,2.3,2.54,8982800.0,1
61.1862,62.8111,71.3677,40.2861,154.9865,10.0,90.0,2.29,2.43,2.15,2.4,9387600.0,1
56.5031,64.2541,68.1757,39.1842,221.6495,0.0,100.0,2.08,2.6,2.05,2.29,19112300.0,1
49.6166,56.4934,59.7265,38.239,91.9363,10.0,70.0,2.08,2.13,1.965,2.06,5266700.0,1
46.7021,48.7617,62.3161,37.8161,131.2614,0.0,80.0,2.03,2.16,1.99,2.1,8614700.0,1
48.0277,43.5947,54.824,37.2183,72.3774,10.0,90.0,2.06,2.07,1.9,1.93,6724600.0,1
52.4823,47.7499,54.3434,37.021,118.7724,0.0,100.0,2.02,2.18,1.9,1.92,9061300.0,1
58.8966,52.7385,58.5473,36.824,123.9374,0.0,80.0,1.89,2.03,1.87,1.995,4479500.0,1
63.7046,56.9586,53.5932,36.3845,89.9741,10.0,90.0,1.92,1.98,1.85,1.88,4256400.0,1
65.4239,66.9926,55.6762,36.2109,155.4663,20.0,100.0,1.83,2.15,1.81,1.92,13609200.0,1
61.3911,67.1627,51.6603,35.8982,55.7382,30.0,0.0,1.86,1.88,1.76,1.825,4923300.0,1
58.4199,62.1164,53.2604,35.8122,36.4348,40.0,10.0,1.8,1.89,1.78,1.86,9523200.0,1
54.3368,54.8942,48.0927,35.6139,-32.8995,50.0,20.0,1.76,1.79,1.66,1.735,5484800.0,1
46.9691,58.2492,48.2849,35.7445,-7.8528,0.0,30.0,1.72,1.84,1.72,1.74,5155900.0,1
32.582,49.8671,47.5301,35.8794,-13.487,10.0,40.0,1.85,1.85,1.65,1.72,6711000.0,-1
23.289,32.7911,51.2316,36.0908,10.9464,20.0,50.0,1.82,1.93,1.74,1.83,12298000.0,-1
27.1394,15.0877,49.9561,36.018,-45.6282,30.0,60.0,1.57,1.81,1.51,1.79,11638600.0,1
44.2298,21.9883,39.6588,36.0491,-111.1923,40.0,70.0,1.57,1.6299,1.48,1.5,5462100.0,1
57.5485,44.3421,41.7939,36.9133,-104.6715,50.0,80.0,1.85,1.9,1.48,1.58,27355100.0,-1
60.035,66.3589,50.6988,37.6724,-13.0982,60.0,90.0,2.03,2.03,1.83,1.87,6223500.0,-1
51.8466,61.9444,57.9837,37.7113,70.7412,70.0,100.0,2.09,2.43,1.82,2.06,18954300.0,-1
50.1235,51.8018,58.7839,37.2129,-4.3527,80.0,70.0,1.69,2.12,1.48,2.08,11948500.0,1
57.6992,41.7935,44.934,36.5861,-98.544,90.0,80.0,1.66,1.74,1.6,1.675,1877500.0,1
68.5497,56.7752,44.3102,37.027,-142.5291,100.0,90.0,1.98,1.99,1.23,1.66,23995100.0,-1
71.0883,74.5289,59.1972,37.5737,103.7865,0.0,100.0,2.24,2.34,2.01,2.03,6677400.0,-1
63.0422,74.345,71.0895,37.1414,201.18,0.0,100.0,2.15,2.32,2.1,2.2347,4929100.0,-1
55.1143,64.3908,68.7517,36.0625,151.909,0.0,90.0,1.88,2.15,1.81,2.15,7864200.0,1
50.5471,50.3908,61.0555,35.0714,132.0513,0.0,100.0,1.88,2.19,1.84,1.92,9156900.0,1
53.481,50.5613,58.2382,34.5959,43.145,10.0,50.0,1.88,1.885,1.76,1.85,2962400.0,1
60.9123,50.6891,58.2382,34.2524,70.1809,20.0,60.0,1.8,1.98,1.75,1.85,5754500.0,1
70.1385,59.1925,55.6387,33.8599,27.2974,30.0,0.0,1.81,1.88,1.69,1.78,3493600.0,1
72.3378,72.8553,57.0074,33.6113,54.1489,40.0,10.0,1.91,1.945,1.8,1.81,5905000.0,-1
63.2671,78.3677,60.5842,33.2415,83.2615,50.0,20.0,1.93,1.97,1.78,1.89,7159600.0,-1
44.8714,65.7903,62.8006,32.5903,114.8846,60.0,30.0,1.82,2.01,1.74,1.94,8151800.0,1
27.443,45.6432,57.7984,31.7032,40.9055,0.0,40.0,1.62,1.88,1.58,1.76,10036500.0,1
17.4737,23.1808,53.4131,31.2037,-22.5039,0.0,50.0,1.69,1.72,1.56,1.62,4228600.0,1
21.4387,13.5049,55.6433,31.0328,16.9573,10.0,60.0,1.6,1.77,1.52,1.68,7495600.0,1
34.1752,15.7353,49.652,30.666,-32.7308,20.0,70.0,1.6,1.64,1.45,1.49,5514000.0,1
47.4554,35.0758,52.3306,30.7897,24.7196,30.0,80.0,1.83,1.83,1.52,1.57,6993800.0,-1
54.4301,51.7146,59.5598,30.7025,92.9724,0.0,90.0,1.83,1.9,1.75,1.77,7381956.0,-1
56.3293,55.5758,64.3611,30.0315,167.5696,10.0,100.0,1.68,2.3,1.61,1.89,36990300.0,1
54.9176,56.0,57.0984,28.9217,101.7058,20.0,80.0,1.57,1.805,1.5301,1.61,9074900.0,1
51.8089,57.4122,54.0913,28.4533,96.2145,30.0,90.0,1.71,1.71,1.5,1.51,6024200.0,-1
45.9484,51.3406,59.3313,28.2038,213.6879,40.0,100.0,1.6,1.92,1.54,1.65,16313400.0,-1
44.0165,46.674,56.9166,27.5187,99.1668,50.0,0.0,1.2,1.79,1.2,1.56,22185500.0,1
44.5951,39.8305,45.2037,26.9928,-85.4037,60.0,0.0,1.31,1.33,1.17,1.2,5626800.0,1
45.5245,45.5451,49.7703,27.4203,-19.0562,70.0,0.0,1.48,1.6,1.29,1.335,12187900.0,-1
41.0678,48.4096,48.2004,27.5232,-57.24,80.0,0.0,1.32,1.4299,1.21,1.29,4571600.0,1
30.2001,42.6187,48.8106,27.7694,-64.2691,90.0,10.0,1.44,1.4799,1.2,1.31,8363100.0,-1
18.9294,32.1749,54.388,27.9936,-59.3944,100.0,20.0,1.26,1.63,1.04,1.49,14331300.0,1
12.0322,15.8067,48.1695,27.7355,-83.8336,0.0,30.0,1.25,1.36,1.18,1.28,4083500.0,1
12.9591,8.8067,46.6097,28.0406,-83.269,0.0,40.0,1.23,1.43,1.2,1.23,6631100.0,1
20.9958,11.4832,46.0249,28.5321,-68.6852,0.0,50.0,1.63,1.65,1.08,1.21,16780600.0,-1
31.3011,18.5875,57.6805,29.1509,7.2155,10.0,60.0,1.76,1.808,1.56,1.62,5683400.0,-1
45.6312,32.9168,61.4374,28.6868,28.936,0.0,70.0,1.85,1.88,1.62,1.73,8947900.0,-1
56.0216,42.3989,67.5576,27.842,65.3573,10.0,80.0,2.2,2.24,1.54,1.9,19018700.0,-1
68.4982,61.5778,81.2737,26.3909,130.31,20.0,90.0,2.35,2.45,1.85,2.22,27892400.0,-1
71.4332,64.0881,83.1734,23.8182,226.5051,0.0,100.0,1.63,3.54,1.54,2.26,76035900.0,1
73.5849,79.8288,74.4335,20.7636,124.1469,0.0,90.0,1.33,1.66,1.25,1.61,7013100.0,1
66.8481,70.3827,67.696,19.1299,122.109,0.0,100.0,1.56,1.71,1.17,1.32,12317600.0,1
67.7045,70.5431,75.7497,18.0913,131.7683,0.0,100.0,1.08,1.48,1.05,1.45,11594500.0,1
69.2718,59.6185,64.7022,16.5329,95.162,10.0,80.0,1.09,1.13,1.01,1.07,2238700.0,1
75.7379,72.9518,63.1101,15.8376,108.2932,20.0,90.0,1.14,1.16,0.8525,1.03,4649100.0,-1
74.7477,75.245,67.2021,15.1572,204.2683,30.0,100.0,1.06,1.39,0.9776,1.09,12661700.0,1
72.7225,79.0168,65.5256,14.2083,167.3305,40.0,100.0,0.65,1.04,0.59,1.04,5702600.0,1
64.4519,69.9812,45.9917,13.2666,68.2585,50.0,80.0,0.74,0.74,0.6011,0.6469,1291400.0,1
54.489,69.1694,48.7155,13.3135,101.1593,60.0,90.0,0.76,0.7701,0.67,0.69,1927200.0,-1
38.5091,54.2051,48.0733,13.244,75.8628,70.0,0.0,0.63,0.799,0.56,0.68,3467300.0,1
27.4348,40.0926,41.0287,13.1932,-40.4452,80.0,0.0,0.47,0.58,0.43,0.574,1120000.0,1
23.6183,21.2296,32.915,13.4379,-95.0461,90.0,10.0,0.475,0.5,0.4,0.469,1124100.0,1
26.2417,20.9822,32.9539,14.0176,-122.5466,100.0,0.0,0.42,0.53,0.36,0.47,2456500.0,1
27.3325,28.6431,26.7247,14.6773,-168.7927,100.0,0.0,0.58,0.58,0.3803,0.39,2829700.0,-1
20.5608,29.0997,32.9264,15.6598,-111.0649,100.0,0.0,0.68,0.72,0.4831,0.5702,3462800.0,-1
16.2578,24.2546,37.1844,16.2677,-80.8415,90.0,0.0,0.6108,0.71,0.6,0.669,1471300.0,-1
15.4367,8.3282,22.7073,16.6803,-167.8474,100.0,0.0,0.6702,0.678,0.495,0.51,954300.0,1
23.0609,16.1906,29.1782,17.606,-97.6797,30.0,10.0,0.708,0.72,0.65,0.68,493200.0,-1
27.6444,21.7914,30.1799,18.1783,-92.8677,40.0,20.0,0.778,0.778,0.6899,0.702,744600.0,-1
30.8063,31.2007,33.8393,18.7695,-86.0958,50.0,30.0,0.82,0.82,0.6923,0.779,1023300.0,-1
33.6883,29.941,31.0036,19.2251,-104.7182,60.0,40.0,0.78,0.85,0.69,0.75,984200.0,1
36.4803,31.2772,32.2922,19.8287,-126.9331,70.0,50.0,0.76,0.8,0.75,0.78,868300.0,-1
40.2243,39.8467,31.5324,20.4328,-158.2638,80.0,60.0,0.85,0.9,0.751,0.7711,1531600.0,-1
37.1244,38.3171,34.6333,21.1487,-150.2185,90.0,0.0,1.01,1.01,0.8103,0.85,685000.0,-1
36.0776,42.509,42.2093,21.7413,-175.864,100.0,10.0,1.01,1.05,0.6101,1.01,5396400.0,-1
29.9665,30.547,40.7512,21.9615,-79.9873,100.0,0.0,1.06,1.11,0.92,0.99,2683400.0,-1
28.3312,35.1767,47.8073,22.2703,17.134,50.0,10.0,1.181,1.28,1.03,1.12,5339100.0,-1
23.9646,24.1758,39.038,22.2518,-81.5603,60.0,20.0,1.02,1.05,0.99,1.0,918300.0,1
23.639,25.641,41.6631,22.5735,-71.4327,0.0,30.0,1.01,1.07,0.98,1.05,1838300.0,-1
24.1475,22.0771,38.695,22.7983,-76.185,0.0,40.0,1.08,1.08,0.97,1.01,1740200.0,-1
30.5778,23.1989,41.0443,23.1695,-46.1023,10.0,0.0,1.07,1.1,1.02,1.06,1304800.0,-1
41.8306,27.1666,41.4978,23.4508,-55.8244,20.0,10.0,1.02,1.16,0.95,1.07,2873900.0,1
52.0451,41.3681,42.3399,23.7438,-35.9304,30.0,20.0,1.25,1.25,1.0,1.09,4274200.0,-1
52.7947,56.9572,45.6766,24.0215,27.6238,0.0,30.0,1.29,1.34,1.13,1.17,2790800.0,-1
42.6978,57.81,51.1148,24.1102,53.3986,0.0,40.0,1.33,1.33,1.1,1.29,3665800.0,-1
29.4964,43.6169,50.6744,23.8688,101.5631,10.0,50.0,1.22,1.48,1.19,1.28,9036200.0,1
22.2282,26.6667,48.1518,23.6215,77.1902,20.0,60.0,1.09,1.33,1.09,1.22,7530500.0,1
28.426,18.2058,41.41,23.5103,4.365,30.0,70.0,1.02,1.1,0.9624,1.07,1810600.0,1
45.213,21.8122,38.5326,23.8118,-14.6658,40.0,80.0,0.97,1.05,0.9333,1.01,2291500.0,1
66.4469,45.2599,37.1435,24.3278,-15.2897,50.0,90.0,1.06,1.13,0.9,0.98,5369200.0,-1
72.8312,68.567,38.7185,25.0032,70.8549,60.0,100.0,1.43,1.65,1.02,1.04,16861000.0,-1
61.9777,85.5137,46.3901,25.6036,82.9758,70.0,10.0,1.26,1.4,1.24,1.3,6164600.0,-1
36.8205,64.413,42.8632,25.547,24.7927,80.0,20.0,0.985,1.28,0.9216,1.21,10450900.0,1
16.8553,36.0065,32.4143,25.7394,-58.39,90.0,30.0,0.9,0.98,0.84,0.975,4196800.0,1
6.5887,10.0421,27.1157,26.6308,-106.3469,100.0,0.0,0.893,0.92,0.7329,0.8712,5153700.0,1
8.5045,4.5172,27.5236,27.946,-96.2013,80.0,0.0,0.95,1.02,0.8825,0.893,4648900.0,-1
18.0642,5.2067,28.1708,29.3869,-106.5245,90.0,0.0,0.93,0.96,0.8921,0.93,3112900.0,-1
28.0547,15.7897,27.7576,30.9279,-118.9316,100.0,10.0,0.95,0.98,0.8805,0.92,6529000.0,-1
30.4888,33.1963,28.048,32.7176,-99.7574,100.0,20.0,1.31,1.37,0.91,0.94,10657800.0,-1
21.9348,35.1783,33.9657,34.7058,-34.1342,70.0,0.0,1.51,1.51,1.3,1.31,3345100.0,-1
13.1193,23.092,37.4227,35.9209,-30.1897,80.0,0.0,1.18,1.65,1.16,1.49,8917300.0,1
11.6168,7.5342,25.7016,36.7953,-94.1659,90.0,0.0,1.15,1.23,1.14,1.18,1381200.0,1
20.5463,8.7316,23.1957,38.6804,-134.3048,100.0,0.0,1.22,1.23,1.1,1.12,1729900.0,-1
28.6534,18.5844,24.4317,41.0062,-162.7864,90.0,0.0,1.25,1.271,1.17,1.22,1943100.0,-1
30.7626,34.3228,24.7884,43.3785,-154.6929,100.0,0.0,1.78,1.78,1.11,1.25,9845500.0,-1
21.8172,33.0529,32.4661,46.004,-71.6312,80.0,0.0,1.89,1.9,1.71,1.79,695500.0,-1
12.5278,24.9121,35.3891,47.4617,-62.8848,90.0,0.0,1.71,2.14,1.65,1.95,2813900.0,1
5.5281,7.4865,26.4496,48.6705,-95.9755,100.0,10.0,1.85,1.9,1.62,1.71,1209500.0,1
5.5449,5.1848,28.6818,50.7377,-94.2029,100.0,20.0,1.88,1.93,1.8,1.86,888600.0,-1
8.255,3.913,28.9752,52.6717,-101.3985,90.0,30.0,1.88,2.16,1.87,1.88,2706500.0,-1
11.2524,7.5368,28.6467,54.8248,-127.7069,100.0,40.0,2.19,2.19,1.83,1.87,1931600.0,-1
12.7529,13.3151,33.2086,57.314,-122.5526,100.0,50.0,2.5,2.54,2.14,2.2,1604900.0,-1
17.4561,12.9052,38.3752,59.216,-131.873,90.0,60.0,2.58,2.65,2.37,2.51,1896600.0,-1
30.1392,12.0384,39.6282,60.504,-202.2021,100.0,70.0,2.58,2.72,2.2,2.58,5493100.0,-1
47.5644,27.4247,40.305,61.776,-203.2934,100.0,80.0,3.11,3.22,2.59,2.62,2692000.0,-1
57.7627,50.9544,50.6128,63.1155,24.545,0.0,90.0,3.68,3.99,3.0,3.15,1749700.0,-1
56.5612,64.3142,66.4958,63.1319,172.9694,0.0,100.0,3.5,4.08,3.36,3.7,1252800.0,-1
51.8674,58.0195,62.2287,61.5794,92.7734,10.0,40.0,3.26,3.68,3.13,3.48,1024100.0,1
51.4327,47.3499,58.0787,60.4336,38.502,0.0,50.0,3.34,3.35,3.04,3.29,672500.0,1
58.9151,50.2328,59.3103,59.6669,56.5528,0.0,60.0,3.1,3.45,3.01,3.3299,787800.0,1
66.8903,56.7155,55.4792,58.6768,44.0042,0.0,70.0,3.32,3.35,2.95,3.15,458700.0,-1
74.7118,69.797,61.2493,58.0592,78.0217,0.0,80.0,3.38,3.4,3.02,3.35,542500.0,-1
78.7889,74.1584,61.0671,56.7819,111.1111,10.0,90.0,3.51,3.58,3.2,3.34,730100.0,-1
80.2401,80.1799,65.5023,55.3508,137.3615,20.0,100.0,3.12,3.75,3.03,3.5,1357800.0,1
78.4047,82.0285,59.359,53.258,118.4857,30.0,100.0,2.88,3.39,2.74,3.13,1383700.0,1
73.7862,78.512,53.5204,51.9234,104.13,40.0,70.0,2.83,2.93,2.68,2.84,621900.0,1
65.9931,74.6737,53.3122,51.2268,129.1313,50.0,80.0,2.58,2.95,2.51,2.83,562600.0,1
52.816,68.1729,47.6109,50.4592,138.5046,60.0,90.0,2.71,2.84,2.51,2.56,715800.0,1
35.6193,55.1327,49.8426,50.3534,202.8493,70.0,100.0,2.32,3.02,2.32,2.67,2395800.0,1
24.8657,35.1423,40.484,49.9181,38.2885,80.0,0.0,1.86,2.55,1.82,2.26,1244400.0,1
27.4373,16.5829,29.8539,50.5921,-126.0787,90.0,0.0,1.85,2.04,1.72,1.89,584400.0,1
38.463,22.8719,26.9995,52.4196,-150.6091,100.0,0.0,2.0,2.1,1.7,1.8,626900.0,-1
43.9051,42.8571,29.3915,54.7652,-82.7612,60.0,10.0,2.1,2.19,2.0,2.0,213300.0,-1
35.7815,49.6599,31.5283,56.8746,-62.9564,70.0,0.0,2.28,2.31,2.1,2.17,203900.0,-1
24.3594,39.1984,33.324,58.7995,-49.4703,80.0,0.0,2.32,2.4299,2.18,2.31,264700.0,-1
15.8434,18.4864,31.8263,60.5994,-66.5644,90.0,0.0,2.13,2.44,2.12,2.25,484900.0,1
14.849,15.3934,28.1976,62.8279,-101.5615,100.0,0.0,2.14,2.26,1.95,2.1,497000.0,1
15.4041,13.6504,28.8424,65.8033,-100.4093,90.0,10.0,2.3,2.42,2.12,2.17,565400.0,-1
17.626,15.5032,30.173,69.0038,-118.1352,100.0,20.0,2.38,2.4,2.0,2.32,725000.0,-1
17.4708,17.0588,30.4257,72.2329,-111.6733,100.0,30.0,2.76,2.93,2.21,2.35,2792300.0,-1
18.234,20.3158,33.9194,75.8376,-98.9728,80.0,0.0,3.0,3.06,2.76,2.76,581300.0,-1
21.0792,15.0379,36.3964,78.7859,-94.7126,90.0,0.0,2.9,3.5,2.85,3.03,949900.0,-1
32.3737,19.3484,34.3179,81.3838,-171.4467,100.0,0.0,2.82,2.97,2.51,2.9,1200500.0,1
39.8617,28.8515,32.7975,84.7244,-180.5425,100.0,0.0,3.8,3.8999,2.78,2.8,1054600.0,-1
40.6173,48.9213,42.2055,88.8279,-100.3407,70.0,10.0,3.93,3.99,3.4,3.87,688100.0,-1
28.439,41.8124,43.249,90.4604,-68.4005,80.0,20.0,4.28,4.51,3.6,3.97,874700.0,-1
17.4404,31.1184,45.9048,92.0405,-56.8471,90.0,30.0,4.0,4.67,3.89,4.23,1039600.0,1
9.6016,12.3861,38.8904,93.1034,-97.9561,100.0,40.0,4.25,4.54,3.36,3.69,960300.0,1
7.9529,8.8168,44.4637,95.8611,-84.028,80.0,50.0,4.3,4.56,4.12,4.27,676500.0,-1
7.2595,7.602,44.8627,97.3555,-96.3874,90.0,60.0,4.5,4.52,4.21,4.31,373300.0,-1
15.8609,7.4401,45.6932,98.9491,-106.8322,100.0,70.0,4.78,4.78,4.06,4.4,1275600.0,-1
29.8963,6.7365,47.725,100.5133,-98.359,100.0,80.0,4.66,5.2345,4.1,4.63,2874200.0,-1
48.7491,33.4062,47.6339,101.6438,-87.4585,100.0,90.0,5.29,5.51,4.41,4.62,1955400.0,-1
53.3798,49.5463,52.4924,102.9643,100.1601,0.0,100.0,7.81,8.99,5.05,5.21,6564200.0,-1
51.276,63.2949,85.6899,102.7878,254.9707,0.0,100.0,6.0,7.97,5.64,7.7,2854600.0,-1
47.3929,47.2981,76.4183,95.4717,231.9006,10.0,100.0,5.26,6.84,5.15,5.98,1435900.0,1
52.7007,43.2351,69.3532,92.0248,43.2004,20.0,30.0,5.13,5.37,5.05,5.3,287300.0,1
63.688,51.6454,67.5518,90.0284,55.4589,0.0,40.0,5.17,5.64,5.02,5.16,548300.0,1
71.9997,63.2217,68.5885,88.1467,52.0826,0.0,50.0,5.25,5.38,5.02,5.2,513700.0,-1
78.0883,76.1968,71.0415,85.882,67.5887,0.0,60.0,5.25,5.41,5.01,5.3,324700.0,-1
79.7313,76.5805,70.8538,83.008,76.0594,10.0,70.0,5.38,5.43,5.08,5.28,478700.0,-1
83.2724,81.4876,71.902,79.7805,80.6474,0.0,80.0,5.33,5.44,4.8,5.33,751900.0,1
85.1532,81.1259,70.5698,75.9492,103.325,0.0,90.0,5.55,5.78,5.03,5.16,592700.0,-1
89.4199,87.2038,78.2283,72.0562,114.2383,0.0,100.0,4.26,5.8,4.0601,5.55,2456100.0,1
90.5565,87.13,68.3066,66.4928,78.2992,0.0,80.0,4.58,4.62,3.48,4.3,1115900.0,1
88.6288,93.9259,75.217,63.7061,134.5932,10.0,90.0,4.67,4.72,4.27,4.58,491100.0,-1
81.2601,90.6137,76.2082,59.7212,219.4357,20.0,100.0,4.29,4.84,4.2,4.62,1356600.0,1
73.3516,81.3468,72.0669,55.0528,259.48,30.0,100.0,2.67,4.14,2.55,4.12,2191700.0,1
69.9761,71.8197,49.1008,51.1461,157.2468,40.0,90.0,2.7,2.7999,2.31,2.6799,481000.0,1
67.2102,66.8883,45.1585,50.7958,113.6032,50.0,0.0,2.24,2.84,2.06,2.54,602000.0,1
64.368,71.2202,31.0787,50.7952,-41.3824,60.0,0.0,2.1,2.24,2.07,2.13,165100.0,1
52.9931,63.5222,29.4892,51.966,-57.2301,70.0,10.0,2.1,2.2399,2.048,2.09,131000.0,1
39.3377,58.3616,31.1032,53.4183,-65.0669,80.0,0.0,2.14,2.21,2.01,2.19,488400.0,-1
21.9429,37.0954,26.0001,54.7923,-74.9241,90.0,0.0,2.24,2.3899,2.0,2.05,637500.0,1
12.3609,22.556,26.5049,56.7626,-148.0165,100.0,0.0,2.14,2.15,1.51,2.09,1110000.0,1
7.5309,6.1773,27.7157,58.9001,-117.5979,100.0,0.0,2.3,2.34,2.07,2.19,545300.0,-1
10.5129,8.3496,28.1791,61.0573,-129.8598,100.0,0.0,2.3,2.36,2.2,2.23,661400.0,-1
13.4668,8.0658,28.2855,63.4083,-120.7503,100.0,0.0,2.55,2.65,2.23,2.24,819800.0,-1
17.4592,15.1235,31.6166,66.0667,-97.296,100.0,10.0,2.5,2.66,2.41,2.55,486100.0,-1
17.4273,17.211,29.6936,68.2191,-95.9306,100.0,20.0,2.85,2.96,2.45,2.47,2011900.0,-1
14.0117,20.0431,32.8073,70.9075,-82.0685,80.0,30.0,2.89,3.0,2.74,2.77,427900.0,-1
10.1339,15.0277,33.4385,73.1229,-111.4817,90.0,0.0,2.7,2.93,2.63,2.83,296800.0,1
8.5384,6.9643,30.842,75.4833,-133.4676,100.0,10.0,3.11,3.11,2.57,2.6999,296700.0,-1
12.7218,8.4095,34.1616,78.5526,-111.2088,100.0,0.0,3.04,3.14,2.91,3.06,183600.0,-1
21.0161,10.2414,33.8054,81.0315,-109.5787,100.0,0.0,3.46,3.46,3.0,3.04,377900.0,-1
28.3452,19.5143,37.3512,83.9218,-91.2407,60.0,10.0,3.4,3.56,3.31,3.43,190800.0,-1
30.4206,33.2926,36.5837,86.1106,-104.7551,70.0,0.0,3.69,3.71,3.29,3.38,382400.0,-1
22.5728,32.2288,39.3612,88.755,-45.5605,80.0,0.0,4.25,4.93,3.7,3.7,526300.0,-1
14.5449,25.7405,44.0659,90.8628,-77.8634,90.0,10.0,3.47,4.29,3.31,4.2,322500.0,1
8.788,9.7491,31.1854,91.8432,-132.3105,100.0,20.0,3.42,4.1994,3.15,3.33,145300.0,1
8.5861,8.1452,32.7455,95.4494,-153.5678,100.0,30.0,4.09,4.21,3.31,3.53,141100.0,-1
10.9867,8.4699,38.7675,98.9993,-93.7746,20.0,40.0,4.5,4.99,4.1,4.22,114600.0,-1
15.8717,9.1433,41.5588,101.0849,-77.6957,30.0,50.0,4.7,4.91,4.41,4.5,106100.0,-1
26.2382,15.3471,45.2218,102.6685,-56.3234,40.0,60.0,4.93,5.0,4.5,4.85,62000.0,-1
41.8258,23.1248,46.0569,103.4782,-19.5208,50.0,70.0,4.8,5.42,4.75,4.93,130900.0,1
57.4491,40.2428,45.0291,104.1751,-33.3591,0.0,80.0,5.24,5.41,4.6,4.84,208300.0,-1
64.1291,62.1098,48.7441,105.2287,62.5759,0.0,90.0,6.06,6.24,5.24,5.24,125400.0,-1
59.7011,69.9949,59.7188,105.29,209.6403,0.0,100.0,6.94,7.57,5.6,6.23,256900.0,-1
54.1539,60.2826,58.178,102.5314,151.6497,10.0,100.0,4.98,6.3,4.72,6.05,331400.0,1
56.5855,48.8257,45.9882,99.893,25.013,20.0,50.0,5.0,5.0,4.0,4.87,100400.0,1
65.1961,53.3534,45.747,100.2492,68.1889,30.0,0.0,4.88,5.49,4.5,4.85,76700.0,1
74.0679,67.5774,44.7476,100.7133,39.3274,40.0,0.0,4.84,5.0,4.51,4.76,55900.0,1
73.8908,74.6574,45.9322,101.501,23.3065,50.0,10.0,4.78,5.0,4.5,4.9,105000.0,-1
64.3727,79.969,46.6466,102.0011,9.3927,60.0,20.0,4.9,5.0,4.4201,4.99,34500.0,-1
43.4298,67.0459,46.6466,102.3155,36.4501,70.0,30.0,4.65,5.71,4.62,4.99,85100.0,1
22.8681,46.1032,46.5568,102.6749,2.7383,80.0,40.0,4.14,5.29,3.6101,4.978,92000.0,1
11.2347,17.1402,38.3217,103.1199,-77.4797,90.0,50.0,3.31,4.34,2.82,3.92,84700.0,1
15.2555,5.3608,32.8668,106.6513,-130.3851,100.0,60.0,3.4,3.6999,2.71,3.3001,105900.0,1
34.0241,11.2032,32.866,112.4583,-129.7299,100.0,0.0,4.2,4.2,3.26,3.3,80500.0,-1
51.5278,29.2023,36.122,119.0952,-85.2314,50.0,0.0,5.0,5.1899,4.02,4.08,62500.0,-1
57.2967,61.6667,39.9085,124.4517,-34.3399,60.0,0.0,5.79,5.96,4.9,4.91,52700.0,-1
41.3142,63.7143,43.9005,128.2019,4.3846,70.0,10.0,6.75,7.19,5.51,5.71,62700.0,-1
20.8198,46.5091,49.2797,130.2022,-10.5745,80.0,20.0,4.81,6.7,4.8,6.68,98900.0,1
7.2856,13.7191,35.5852,129.7168,-79.0045,90.0,0.0,5.27,5.27,4.08,4.81,64400.0,1
5.0559,2.2312,28.2161,134.5049,-119.7167,100.0,10.0,4.55,4.68,3.9,4.02,70900.0,1
7.9132,5.9066,28.1224,142.2342,-140.0122,100.0,0.0,5.61,5.61,3.96,4.01,113300.0,-1
16.2818,7.0299,33.6089,151.0963,-131.6914,100.0,10.0,5.82,5.94,5.3,5.3999,46000.0,-1
29.16,10.8033,36.3658,157.2532,-158.1903,100.0,0.0,6.37,6.37,5.41,6.0,94300.0,-1
39.7199,31.0122,37.0495,162.575,-170.3657,100.0,0.0,7.25,7.43,6.0,6.15,58400.0,-1
36.2551,45.6646,43.5312,168.2286,-86.9156,100.0,10.0,9.28,9.4201,7.07,7.47,73100.0,-1
24.4896,42.4828,55.4668,170.9184,-7.4745,80.0,20.0,8.83,9.5,8.3,9.274,54600.0,-1
17.5686,20.6178,51.1648,168.8382,-76.2586,90.0,30.0,7.39,8.6799,7.26,8.63,68700.0,1
20.4485,10.3683,39.9835,168.3008,-147.6816,0.0,40.0,7.85,8.0,7.12,7.25,140400.0,1
28.1914,21.7197,43.9182,171.6295,-60.2555,10.0,50.0,9.02,9.99,7.545,7.85,164500.0,-1
35.4995,29.2576,50.7332,173.7194,-2.9052,20.0,60.0,9.8,9.97,8.02,8.76,124000.0,-1
46.0086,33.597,58.5507,173.5079,60.0759,30.0,70.0,9.49,10.25,9.2,9.63,83400.0,-1
61.0057,43.6438,55.5005,170.7804,45.717,40.0,80.0,9.58,9.9499,8.51,9.2,94300.0,1
72.5106,60.7851,55.0155,168.8919,71.4753,50.0,90.0,10.67,10.77,8.5,9.13,156100.0,-1
78.882,78.5882,67.2701,166.9336,151.2199,60.0,100.0,11.08,12.25,8.64,10.43,270600.0,-1
75.3958,78.1585,71.3406,160.9813,208.4837,70.0,100.0,8.93,11.65,8.01,10.8,247100.0,1
68.398,79.8994,57.9822,153.1215,148.7602,80.0,90.0,8.94,8.99,7.76,8.64,147900.0,1
53.8937,68.1293,54.1535,150.3102,225.7221,0.0,100.0,8.23,9.05,7.95,8.21,218900.0,1
40.6893,57.1652,54.3608,148.326,227.8289,10.0,100.0,7.08,8.45,6.5,8.23,226200.0,1
33.5568,36.3866,44.5135,146.0011,-17.1628,20.0,0.0,6.92,7.35,6.6,7.2,105300.0,1
34.3698,28.5162,42.2488,146.287,-22.597,30.0,0.0,6.95,7.5,6.75,6.992,97200.0,1
40.8517,35.7677,41.0824,147.208,-78.2113,40.0,0.0,7.33,7.33,6.5,6.8799,48100.0,-1
41.0616,38.8255,40.8916,148.5809,-80.1037,50.0,10.0,7.1899,7.31,6.5,6.86,27100.0,1
40.2044,47.9619,43.5031,150.2067,-25.1705,60.0,0.0,6.85,7.94,6.82,7.27,84600.0,-1
31.3545,36.3974,40.4123,150.8934,-67.6661,0.0,0.0,7.25,7.54,6.82,6.9,23400.0,-1
26.7888,36.254,43.2928,152.7353,-68.8637,0.0,10.0,7.0,7.68,6.5,7.4,56700.0,-1
23.4312,21.4122,40.3067,153.4118,-75.7602,10.0,20.0,7.3,7.3,6.555,7.0101,56800.0,1
33.095,22.7001,42.312,155.2989,-45.2535,20.0,30.0,7.11,7.4,6.42,7.4,70100.0,-1
44.3571,26.1814,39.4617,156.3416,-22.0138,30.0,40.0,7.71,7.77,6.8,6.99,93500.0,-1
57.4764,50.4034,42.7038,158.7047,12.3703,40.0,50.0,8.0,8.2899,7.0,7.69,79800.0,-1
64.5418,56.4866,43.2058,159.4053,54.3477,50.0,60.0,9.17,9.1999,7.8,7.8,259600.0,-1
