SlowD,SlowK,RSI,MACD_Signal,MACD_Hist,MACD,EMA,CCI,Aroon Down,Aroon Up,1. open,2. high,3. low,4. close,5. volume,Trend label
76.3793,83.829,71.1539,0.3331,0.0841,0.4172,2.6788,179.1658,50.0,100.0,4.36,4.58,3.9,3.96,144949157.0,1
65.8966,79.0461,72.1332,0.3121,0.0181,0.3302,2.4957,232.4242,60.0,100.0,3.08,4.2,2.73,4.01,443164214.0,1
52.2463,66.2628,61.6946,0.3075,-0.0982,0.2094,2.2794,143.8521,70.0,0.0,2.05,3.2,2.015,2.91,294409719.0,1
40.9139,52.381,48.2005,0.3321,-0.1681,0.164,2.1893,-38.4211,80.0,0.0,2.0,2.17,1.86,2.06,61135903.0,1
31.889,38.0952,47.0146,0.3741,-0.1837,0.1904,2.2078,-47.1888,90.0,10.0,1.92,2.24,1.86,2.0,56244120.0,1
26.1582,32.2655,45.518,0.42,-0.1928,0.2273,2.2375,-90.8154,100.0,0.0,1.88,1.95,1.62,1.92,70798225.0,1
18.6863,25.3063,44.9936,0.4682,-0.189,0.2793,2.2828,-91.9428,80.0,0.0,2.15,2.15,1.83,1.89,46777963.0,-1
15.4283,20.903,48.1943,0.5155,-0.1709,0.3446,2.339,-81.8511,90.0,0.0,2.05,2.32,1.97,2.12,78837638.0,-1
16.1974,9.8496,46.404,0.5582,-0.1587,0.3995,2.3702,-109.0837,100.0,10.0,1.82,2.17,1.695,2.0,114429828.0,1
24.4364,15.5322,44.8311,0.5979,-0.1218,0.4761,2.4231,-118.627,100.0,20.0,2.36,2.37,1.78,1.89,131791740.0,-1
30.6178,23.2104,50.262,0.6283,-0.0502,0.5781,2.4993,-90.5866,50.0,30.0,2.6,2.67,2.3,2.34,81395005.0,-1
32.6867,34.5666,53.365,0.6409,0.0131,0.654,2.5221,-73.0258,0.0,40.0,2.67,2.85,2.41,2.58,74575777.0,-1
30.6425,34.0763,55.5513,0.6376,0.0794,0.717,2.5138,-47.6761,0.0,50.0,3.28,3.29,2.41,2.75,89072853.0,-1
33.4848,29.4171,62.7668,0.6177,0.1518,0.7696,2.48,4.6774,10.0,60.0,3.2,3.4,2.7,3.28,163209191.0,-1
46.6304,28.4342,61.841,0.5798,0.1918,0.7716,2.3657,10.6609,0.0,70.0,2.64,3.4,2.41,3.17,250218822.0,1
64.2031,42.603,55.6096,0.5318,0.2423,0.7742,2.2508,4.5046,0.0,80.0,3.61,3.78,1.9,2.48,252156817.0,-1
74.1016,68.8541,69.5311,0.4712,0.3652,0.8364,2.2181,68.7299,10.0,90.0,4.64,4.75,2.75,3.42,243908526.0,-1
70.8077,81.1522,97.9348,0.38,0.4281,0.808,2.0464,146.0594,0.0,100.0,4.67,5.56,4.3,4.63,240128955.0,-1
63.4553,72.2986,97.5908,0.2729,0.3638,0.6368,1.6773,144.2553,0.0,100.0,3.53,4.35,3.36,4.16,338442736.0,1
59.8784,58.9724,96.2327,0.182,0.2749,0.4568,1.3227,124.0212,0.0,80.0,2.55,3.27,2.38,3.03,233946678.0,1
61.6925,59.095,94.6463,0.1133,0.2223,0.3356,1.0788,149.6307,10.0,90.0,2.93,3.17,2.28,2.37,306629570.0,1
63.0531,61.5678,94.4552,0.0577,0.1854,0.2431,0.8943,233.3016,20.0,100.0,1.6,3.9,1.48,2.31,837001220.0,1
63.5145,64.4146,90.8994,0.0113,0.1163,0.1277,0.6921,178.8623,30.0,100.0,0.88,2.04,0.8312,1.58,273649454.0,1
63.151,63.1768,79.1216,-0.0178,0.0705,0.0528,0.5652,135.5223,40.0,100.0,0.84,1.21,0.84,0.8665,63663424.0,1
63.6997,62.9519,79.8121,-0.0354,0.0645,0.0291,0.5222,181.4395,50.0,90.0,0.9,1.0,0.8,0.8718,42061125.0,-1
59.8581,63.3242,84.6018,-0.0515,0.0494,-0.0021,0.4722,333.3333,60.0,100.0,0.433,1.17,0.3961,0.91,203555203.0,1
50.3221,64.8232,48.2058,-0.0639,0.0181,-0.0458,0.4097,92.0228,70.0,80.0,0.4233,0.4322,0.41,0.413,8240702.0,1
35.8396,51.427,49.8267,-0.0684,0.0181,-0.0503,0.4092,119.532,80.0,90.0,0.4489,0.455,0.3909,0.4206,15769582.0,-1
32.0211,34.7161,51.7641,-0.0729,0.0169,-0.056,0.4076,124.4587,90.0,100.0,0.3711,0.46,0.3605,0.43,17319065.0,1
34.7326,21.3757,37.4406,-0.0771,0.0136,-0.0635,0.4044,-121.6211,100.0,80.0,0.3727,0.38,0.3497,0.3685,9960164.0,1
42.1351,39.9715,37.8518,-0.0805,0.0146,-0.0659,0.4095,-54.296,70.0,90.0,0.41,0.41,0.365,0.371,7992495.0,-1
37.9805,42.8504,40.944,-0.0842,0.0159,-0.0683,0.415,75.4444,80.0,0.0,0.45,0.459,0.373,0.3901,8644817.0,-1
36.1645,43.5834,44.3405,-0.0881,0.0159,-0.0722,0.4185,-13.6859,90.0,0.0,0.37,0.4167,0.3573,0.41,6679626.0,1
33.4476,27.5077,35.425,-0.0921,0.0139,-0.0782,0.4198,-80.7332,100.0,0.0,0.3823,0.4,0.3565,0.3732,6070740.0,1
34.6154,37.4023,36.7495,-0.0956,0.0146,-0.081,0.4264,-79.778,60.0,0.0,0.395,0.395,0.361,0.3824,4294606.0,-1
26.6553,35.4327,34.9899,-0.0992,0.0149,-0.0844,0.4327,-72.9048,70.0,10.0,0.409,0.4098,0.375,0.375,4499251.0,-1
16.9251,31.0111,38.2937,-0.103,0.0163,-0.0866,0.4409,-53.2419,80.0,0.0,0.4217,0.4298,0.3916,0.4005,6816940.0,-1
8.4961,13.5221,37.8797,-0.107,0.0162,-0.0908,0.4467,-78.1911,90.0,10.0,0.399,0.42,0.38,0.3985,5232278.0,1
9.9634,6.242,33.0265,-0.1111,0.0164,-0.0947,0.4536,-140.3594,100.0,20.0,0.3861,0.3954,0.3569,0.3745,6908615.0,1
17.0573,5.7243,33.5674,-0.1152,0.0194,-0.0958,0.4649,-128.7149,0.0,30.0,0.4104,0.43,0.38,0.38,11694022.0,-1
29.6265,17.924,36.8457,-0.12,0.0237,-0.0964,0.477,-88.6461,0.0,40.0,0.42,0.44,0.4002,0.4132,3693380.0,-1
39.3354,27.5236,37.858,-0.126,0.0269,-0.0991,0.4862,-21.0487,10.0,50.0,0.5,0.5,0.4097,0.4233,8593074.0,-1
47.3154,43.4318,43.5394,-0.1327,0.0306,-0.1021,0.4951,40.8537,20.0,60.0,0.4835,0.51,0.4407,0.4766,8369022.0,-1
52.1037,47.0508,43.3816,-0.1403,0.0304,-0.11,0.4978,68.4704,30.0,70.0,0.5202,0.5347,0.45,0.4755,8743213.0,-1
57.5223,51.4636,47.6539,-0.1479,0.0297,-0.1182,0.501,151.6066,40.0,80.0,0.48,0.58,0.4743,0.5147,26362874.0,1
59.7418,57.7968,42.6342,-0.1553,0.0242,-0.1311,0.499,57.7586,50.0,90.0,0.5,0.5,0.406,0.476,8330586.0,1
51.4587,63.3065,42.7965,-0.1614,0.0197,-0.1416,0.5023,150.0,60.0,100.0,0.4599,0.5989,0.45,0.4777,15895977.0,1
36.2498,58.1221,39.6729,-0.1663,0.0131,-0.1532,0.5058,33.0332,70.0,0.0,0.45,0.48,0.415,0.452,9035533.0,1
21.7569,32.9475,37.0235,-0.1696,0.0064,-0.1632,0.5135,-29.0506,80.0,0.0,0.437,0.446,0.4,0.43,7289756.0,1
16.7041,17.6797,35.7538,-0.1712,-0.0001,-0.1712,0.5254,-75.3096,90.0,0.0,0.37,0.429,0.365,0.419,8204421.0,1
18.9681,14.6436,29.0863,-0.1712,-0.0068,-0.1779,0.5406,-126.3869,100.0,0.0,0.4039,0.4099,0.36,0.362,9481046.0,1
20.4476,17.7892,31.0177,-0.1695,-0.0086,-0.1781,0.5662,-107.6435,90.0,10.0,0.4196,0.4345,0.3819,0.4,24366110.0,-1
20.304,24.4714,31.5436,-0.1673,-0.0122,-0.1795,0.5899,-103.0936,100.0,20.0,0.3988,0.4694,0.37,0.4106,25169975.0,1
14.0986,19.0823,31.4943,-0.1642,-0.0156,-0.1799,0.6155,-94.5618,100.0,30.0,0.5,0.535,0.3913,0.4101,37840811.0,-1
9.8143,17.3582,34.5048,-0.1603,-0.0173,-0.1777,0.6448,-105.1186,100.0,0.0,0.4858,0.489,0.4105,0.4774,16090936.0,-1
7.2121,5.8553,33.5965,-0.156,-0.0231,-0.1791,0.6688,-94.0422,90.0,10.0,0.48,0.5339,0.451,0.4667,14063997.0,1
10.0189,6.2295,33.4335,-0.1502,-0.027,-0.1772,0.6976,-117.813,100.0,0.0,0.5,0.527,0.45,0.4646,17638542.0,-1
15.3791,9.5516,33.9588,-0.1435,-0.0285,-0.172,0.7309,-109.0117,100.0,0.0,0.5591,0.569,0.47,0.4793,15074095.0,-1
20.0721,14.2756,35.8669,-0.1364,-0.028,-0.1644,0.7669,-70.8662,50.0,0.0,0.54,0.5855,0.515,0.5346,11052792.0,-1
21.3683,22.3103,36.0449,-0.1294,-0.0285,-0.1578,0.8001,-64.04,60.0,10.0,0.629,0.6479,0.533,0.54,9633669.0,-1
17.4606,23.6306,38.0729,-0.1223,-0.0255,-0.1478,0.8372,-60.9195,70.0,20.0,0.69,0.72,0.56,0.6044,7569854.0,-1
11.6187,18.164,40.8204,-0.1159,-0.0235,-0.1394,0.8705,-61.8034,80.0,30.0,0.69,0.71,0.6467,0.69,4289172.0,-1
9.1713,10.5872,40.0977,-0.11,-0.0253,-0.1353,0.8962,-76.9877,90.0,40.0,0.56,0.7154,0.5586,0.6741,5047771.0,1
15.4802,6.105,33.2203,-0.1037,-0.0229,-0.1265,0.928,-105.7865,100.0,50.0,0.62,0.66,0.5073,0.5251,7551791.0,1
29.4095,10.8218,36.6489,-0.098,-0.0004,-0.0983,0.9855,-77.1458,100.0,60.0,0.6,1.05,0.5225,0.66,18807548.0,-1
47.4947,29.5138,35.6384,-0.0979,0.0233,-0.0746,1.032,-109.5258,100.0,70.0,0.76,0.78,0.5657,0.6372,10737988.0,-1
62.2861,47.893,41.2417,-0.1037,0.0627,-0.041,1.0884,-32.9984,100.0,80.0,1.3,1.37,0.6811,0.853,14599188.0,-1
68.812,65.0772,68.5096,-0.1194,0.1,-0.0194,1.1221,124.4928,50.0,90.0,1.42,1.7,1.4,1.46,12055136.0,-1
62.6845,73.888,66.5416,-0.1444,0.091,-0.0534,1.0738,167.9934,60.0,100.0,1.62,1.78,1.2,1.4,24901594.0,-1
44.6218,67.4707,69.1339,-0.1671,0.0773,-0.0899,1.0272,291.7236,70.0,100.0,1.16,1.75,1.12,1.44,22243068.0,1
29.6076,46.6947,55.4734,-0.1864,0.0473,-0.1392,0.9682,150.9265,80.0,100.0,0.92,1.11,0.8905,1.09,14429140.0,1
21.3873,19.6999,44.4555,-0.1982,0.0338,-0.1645,0.9508,-48.5199,90.0,0.0,0.8193,0.917,0.81,0.9157,4335272.0,1
22.6779,22.4282,36.5237,-0.2067,0.03,-0.1766,0.9558,-113.7122,100.0,10.0,0.85,0.89,0.805,0.8179,6018646.0,1
19.2473,22.0336,38.6573,-0.2142,0.0346,-0.1796,0.9755,-73.0145,0.0,0.0,0.95,0.95,0.85,0.8599,6506940.0,-1
20.4909,23.5719,43.5655,-0.2228,0.0377,-0.1851,0.9921,19.1995,10.0,0.0,0.85,1.07,0.8475,0.9499,6912183.0,1
24.0689,12.1365,34.1223,-0.2323,0.0337,-0.1986,0.9981,-113.5253,20.0,10.0,0.87,0.91,0.83,0.837,4245041.0,1
33.4329,25.7643,36.7181,-0.2407,0.0393,-0.2014,1.0211,-96.532,30.0,20.0,0.8929,0.92,0.855,0.89,5076413.0,-1
37.9808,34.3058,37.4931,-0.2505,0.0431,-0.2074,1.0398,-101.6963,40.0,30.0,0.9316,0.935,0.87,0.906,3262276.0,-1
38.0563,40.2287,39.0605,-0.2613,0.0475,-0.2138,1.059,-67.1574,50.0,40.0,1.0,1.0,0.9,0.9398,6807058.0,-1
33.711,39.408,41.0625,-0.2732,0.051,-0.2222,1.076,-19.5733,60.0,50.0,0.999,1.02,0.9552,0.9836,5016224.0,-1
30.995,34.5322,41.3631,-0.2859,0.0518,-0.2341,1.0892,-4.3981,70.0,60.0,1.05,1.06,0.95,0.9905,4580424.0,-1
37.6433,27.193,43.415,-0.2989,0.0522,-0.2467,1.1033,6.4844,80.0,70.0,1.0,1.1,0.9101,1.04,8003594.0,1
56.2444,31.2598,39.0146,-0.3119,0.0477,-0.2642,1.1123,-75.9551,90.0,80.0,0.8797,0.98,0.811,0.96,6951123.0,1
73.9797,54.4771,33.4864,-0.3238,0.0493,-0.2745,1.1341,-56.5582,100.0,90.0,1.23,1.23,0.8,0.865,13688373.0,-1
74.8031,82.9961,42.4092,-0.3362,0.0621,-0.2741,1.1725,110.7145,70.0,100.0,1.28,1.37,1.03,1.11,12664413.0,-1
56.4857,84.4658,48.0536,-0.3517,0.0573,-0.2944,1.1814,144.4067,80.0,100.0,1.15,1.24,1.06,1.23,6839601.0,1
34.4468,56.9474,41.6462,-0.366,0.0377,-0.3283,1.1745,32.227,90.0,0.0,1.03,1.13,0.8835,1.12,6911895.0,1
25.6567,28.0439,32.7015,-0.3754,0.0198,-0.3556,1.1823,-89.4009,100.0,0.0,0.86,1.02,0.801,0.9883,5779176.0,1
32.6419,18.3489,22.2527,-0.3804,0.0084,-0.3719,1.21,-193.4432,100.0,0.0,0.93,0.949,0.801,0.86,4836090.0,1
46.2333,30.5772,24.3388,-0.3825,0.0082,-0.3742,1.26,-171.6604,100.0,0.0,1.02,1.02,0.91,0.9387,4960441.0,-1
53.5715,48.9996,26.0509,-0.3845,0.0048,-0.3797,1.3059,-81.6734,60.0,0.0,1.08,1.11,1.0,1.0,5730323.0,-1
49.7114,59.123,27.7718,-0.3857,-0.0018,-0.3875,1.3496,-50.5907,70.0,0.0,1.12,1.12,1.04,1.06,9350140.0,-1
36.9953,52.5918,29.2195,-0.3853,-0.0126,-0.3979,1.391,-30.3437,80.0,0.0,1.06,1.19,1.06,1.11,7972836.0,1
25.0433,37.4194,28.5491,-0.3821,-0.0283,-0.4104,1.4311,-58.1916,90.0,0.0,1.0,1.13,0.95,1.1,5998448.0,1
16.7895,20.9749,23.3197,-0.375,-0.0444,-0.4194,1.4784,-75.8587,100.0,0.0,1.05,1.0785,0.92,1.02,10561578.0,1
13.9431,16.7356,23.9103,-0.3639,-0.0528,-0.4167,1.5439,-74.1348,80.0,0.0,1.09,1.1092,1.01,1.05,4763259.0,-1
10.8833,12.658,24.468,-0.3507,-0.0594,-0.4102,1.6145,-80.1881,90.0,10.0,1.2,1.21,1.01,1.08,7614080.0,-1
8.3198,12.4357,26.1126,-0.3359,-0.0631,-0.399,1.6908,-95.722,100.0,20.0,1.1,1.22,1.0,1.17,12344774.0,1
6.7192,7.5563,22.4647,-0.3201,-0.0679,-0.388,1.7652,-131.348,100.0,30.0,1.21,1.23,1.02,1.1,10520101.0,-1
12.8671,4.9673,23.9873,-0.3031,-0.0582,-0.3613,1.8603,-168.5352,90.0,40.0,1.2,1.25,1.16,1.2,15909413.0,-1
25.878,7.634,21.5959,-0.2886,-0.0435,-0.3321,1.9546,-236.2167,100.0,0.0,1.65,1.75,1.1,1.15,27332567.0,-1
41.7778,26.0,29.4285,-0.2777,-0.0072,-0.2849,2.0695,-207.1596,100.0,0.0,1.82,1.87,1.62,1.62,6231863.0,-1
47.4654,44.0,34.4534,-0.2759,0.0075,-0.2684,2.1338,-125.7925,60.0,10.0,2.04,2.05,1.75,1.83,5535056.0,-1
43.093,55.3333,40.7095,-0.2778,0.013,-0.2648,2.1772,-62.6629,70.0,20.0,2.03,2.1,1.86,2.04,8309887.0,-1
30.5792,43.0628,39.2922,-0.281,0.0034,-0.2777,2.1968,-38.3594,80.0,30.0,2.03,2.12,2.0,2.01,3818462.0,1
22.3082,30.8829,38.8537,-0.2819,-0.0052,-0.2871,2.2234,-46.8249,90.0,40.0,1.91,2.24,1.88,2.0,8496789.0,1
20.2506,17.792,34.6024,-0.2806,-0.0133,-0.2939,2.2553,-115.2227,100.0,0.0,1.95,2.18,1.74,1.9,15701221.0,1
30.1094,18.2497,36.4258,-0.2773,-0.0108,-0.2881,2.3061,-100.8179,100.0,0.0,2.04,2.14,1.87,1.98,5650049.0,-1
43.4794,24.7103,37.3106,-0.2746,-0.0101,-0.2846,2.3527,-86.5235,50.0,0.0,2.08,2.18,1.98,2.02,4398163.0,-1
50.8518,47.3684,38.3588,-0.272,-0.0082,-0.2802,2.4002,-84.0902,60.0,0.0,2.03,2.225,1.97,2.07,5490155.0,1
42.4394,58.3594,39.7665,-0.27,-0.0055,-0.2755,2.4474,-52.8114,70.0,10.0,2.33,2.43,2.11,2.14,6305143.0,-1
24.344,46.8277,45.0843,-0.2686,-0.0041,-0.2727,2.4913,-28.694,80.0,20.0,2.36,2.5,2.25,2.39,5634736.0,-1
10.833,22.131,44.0061,-0.2676,-0.023,-0.2906,2.5058,-68.8867,90.0,30.0,1.95,2.38,1.95,2.35,7041161.0,1
7.1041,4.0734,31.9872,-0.2618,-0.0433,-0.3051,2.528,-120.7158,100.0,40.0,2.12,2.22,1.93,1.95,5915550.0,1
12.3641,6.2946,34.13,-0.251,-0.0274,-0.2785,2.6106,-112.9576,100.0,50.0,2.2,2.335,2.0,2.08,8677567.0,-1
22.8153,10.9443,36.4999,-0.2442,-0.0095,-0.2537,2.6864,-91.8981,20.0,60.0,2.48,2.4842,2.18,2.22,8528615.0,-1
40.4448,19.8534,40.676,-0.2418,0.0092,-0.2326,2.7531,-51.7551,30.0,70.0,2.54,2.66,2.36,2.45,9098869.0,-1
59.6781,37.6481,41.992,-0.2441,0.0184,-0.2257,2.7964,-27.3919,40.0,80.0,2.66,2.82,2.42,2.52,9626098.0,-1
70.5911,63.8329,43.0669,-0.2487,0.028,-0.2207,2.8358,30.5304,50.0,90.0,2.94,3.21,2.51,2.58,13102096.0,-1
63.7711,77.5534,49.3155,-0.2557,0.0384,-0.2173,2.8724,135.089,60.0,100.0,3.34,3.37,2.89,2.91,11190073.0,-1
45.5192,70.3871,57.5076,-0.2653,0.022,-0.2433,2.867,204.5668,70.0,100.0,2.88,3.28,2.76,3.27,13800964.0,1
30.6786,43.3729,44.9289,-0.2708,-0.0389,-0.3097,2.8094,40.209,80.0,0.0,2.41,2.95,2.3,2.72,12662221.0,1
30.0878,22.7975,34.8263,-0.2611,-0.0729,-0.3339,2.8222,-115.0085,90.0,0.0,2.31,2.455,2.24,2.4,6804293.0,1
40.6059,25.8654,31.2809,-0.2428,-0.0846,-0.3274,2.8825,-161.652,100.0,0.0,2.34,2.45,2.15,2.3,10666063.0,1
49.6534,41.6005,33.0614,-0.2217,-0.0825,-0.3042,2.9658,-101.5729,40.0,10.0,2.65,2.68,2.35,2.41,5724847.0,-1
49.6024,54.3519,38.224,-0.2011,-0.0802,-0.2812,3.0451,-52.9743,50.0,20.0,2.73,2.75,2.59,2.7,3636184.0,-1
42.8115,53.0078,38.7879,-0.181,-0.0964,-0.2774,3.0945,-72.8944,60.0,0.0,2.64,2.7628,2.46,2.73,4476441.0,1
33.7676,41.4475,37.6847,-0.1569,-0.1146,-0.2716,3.1465,-61.2956,70.0,10.0,2.87,2.98,2.55,2.69,6318710.0,-1
27.9263,33.9793,39.9529,-0.1283,-0.1278,-0.2561,3.2117,-71.6884,80.0,0.0,2.68,2.88,2.52,2.83,4989491.0,1
27.8019,25.8759,35.9902,-0.0963,-0.1505,-0.2468,3.2663,-104.717,90.0,10.0,2.51,2.81,2.42,2.67,4928251.0,1
30.3119,23.9237,34.2826,-0.0587,-0.1564,-0.2151,3.3514,-137.2428,100.0,20.0,2.79,2.9,2.26,2.6,9259011.0,-1
33.193,33.606,37.3579,-0.0196,-0.1449,-0.1644,3.4588,-102.1893,70.0,0.0,2.96,3.16,2.8101,2.84,4556384.0,-1
29.2998,33.4061,39.2042,0.0167,-0.1384,-0.1218,3.5472,-83.513,80.0,0.0,3.49,3.5,2.93,2.98,5876632.0,-1
26.713,32.5667,45.2411,0.0513,-0.131,-0.0798,3.6282,-68.9633,90.0,10.0,2.97,3.6,2.95,3.4,11612686.0,1
24.8229,21.9267,35.6922,0.084,-0.1518,-0.0678,3.6608,-150.7265,100.0,20.0,3.24,3.24,2.6299,2.95,6894893.0,1
25.8553,25.6457,37.6625,0.122,-0.1277,-0.0057,3.7624,-134.7458,100.0,30.0,3.56,3.57,2.8,3.1,14202002.0,-1
22.4492,26.8963,43.9172,0.1539,-0.0955,0.0583,3.857,-66.3981,70.0,40.0,3.86,4.045,3.53,3.53,9415306.0,-1
16.8123,25.024,49.0299,0.1778,-0.0823,0.0955,3.9037,-52.6231,80.0,50.0,3.78,3.959,3.62,3.83,5821671.0,-1
20.1152,15.4273,47.5649,0.1983,-0.0874,0.1109,3.9143,-49.9691,90.0,60.0,3.6,4.15,3.4,3.75,13652905.0,1
34.1787,9.9856,45.0785,0.2202,-0.083,0.1372,3.9377,-82.144,100.0,70.0,3.65,3.88,3.35,3.61,7180449.0,1
57.3273,34.9326,42.8123,0.2409,-0.058,0.183,3.9845,-104.725,30.0,80.0,3.87,3.94,3.43,3.48,11414174.0,-1
71.7835,57.6178,48.0256,0.2554,-0.0034,0.252,4.0566,8.8487,40.0,90.0,4.78,4.84,3.75,3.86,9246970.0,-1
79.1848,79.4315,65.1149,0.2563,0.0414,0.2977,4.0847,134.6718,50.0,100.0,4.58,4.89,4.45,4.77,9907278.0,-1
71.5503,78.3012,58.8945,0.2459,0.0132,0.2591,3.9868,75.3046,60.0,90.0,4.36,4.44,4.05,4.34,9865853.0,1
58.3992,79.8218,60.0144,0.2426,0.0072,0.2498,3.9363,139.1363,70.0,0.0,4.5,4.735,4.335,4.39,9497895.0,-1
43.6208,56.5278,60.428,0.2409,-0.0116,0.2292,3.8715,117.2246,80.0,0.0,4.31,4.55,4.12,4.41,13061543.0,1
39.9905,38.848,55.9157,0.2438,-0.0462,0.1976,3.7946,-32.5391,90.0,0.0,3.45,4.08,3.44,4.08,7680090.0,1
38.4124,35.4866,44.093,0.2553,-0.0674,0.1879,3.7538,-129.2734,100.0,10.0,3.75,3.81,3.35,3.4,8182306.0,1
31.8693,45.6368,50.5527,0.2721,-0.03,0.2421,3.8044,-75.5192,0.0,20.0,4.07,4.13,3.68,3.76,7641912.0,-1
20.7585,34.1137,57.2642,0.2797,-0.0086,0.2711,3.8107,-0.6728,0.0,30.0,3.95,4.31,3.8736,4.08,7231456.0,-1
17.9867,15.8575,54.5488,0.2818,-0.0103,0.2715,3.7722,-41.0099,10.0,40.0,3.55,4.07,3.46,3.92,7062223.0,1
24.9838,12.3045,47.1873,0.2844,0.0001,0.2845,3.7511,-43.7262,0.0,50.0,4.03,4.09,3.52,3.53,11661292.0,-1
39.5068,25.7983,57.767,0.2843,0.0522,0.3365,3.7827,14.1362,0.0,60.0,4.1,4.16,3.86,4.02,7944724.0,-1
56.0647,36.8486,60.248,0.2713,0.0769,0.3482,3.7488,47.6686,10.0,70.0,4.19,4.4,4.07,4.12,11441361.0,-1
73.6015,55.8737,60.248,0.2521,0.0958,0.3479,3.6958,74.5088,20.0,80.0,4.06,4.75,4.06,4.12,14589717.0,1
85.8425,75.4717,60.1093,0.2281,0.1143,0.3424,3.6352,104.2137,30.0,90.0,4.9,4.9,4.05,4.11,23796483.0,-1
86.1136,89.4589,80.2906,0.1995,0.1319,0.3314,3.5674,229.1933,40.0,100.0,4.23,5.29,4.15,4.91,32434208.0,-1
75.44,92.5969,73.6129,0.1666,0.0645,0.2311,3.3756,177.7778,0.0,100.0,4.0,4.24,3.73,4.24,11580954.0,1
53.7795,76.2849,63.7006,0.1504,0.0175,0.168,3.2521,74.4681,0.0,20.0,3.5,3.74,3.3,3.64,6291031.0,1
34.3637,57.4384,59.0903,0.1461,-0.0,0.146,3.1967,17.7819,10.0,30.0,3.25,3.45,3.17,3.44,2313752.0,1
22.0898,27.6153,54.1067,0.1461,-0.0098,0.1362,3.1619,14.661,20.0,40.0,3.47,3.48,3.2,3.25,3343707.0,-1
25.4966,18.0374,54.4207,0.1485,-0.0074,0.1411,3.1493,0.5891,30.0,50.0,3.08,3.46,3.02,3.26,3673179.0,1
38.6017,20.6168,48.1971,0.1504,-0.0061,0.1443,3.1335,-36.4093,40.0,60.0,3.23,3.32,3.01,3.03,2493231.0,1
57.4913,37.8355,53.0123,0.1519,0.0178,0.1697,3.1483,-24.038,0.0,70.0,3.15,3.24,3.02,3.2,1872746.0,-1
70.7378,57.3529,51.7359,0.1474,0.0348,0.1822,3.1409,-0.0942,0.0,80.0,3.32,3.35,3.09,3.15,2849223.0,-1
74.2693,77.2854,57.9721,0.1388,0.062,0.2008,3.1397,90.0554,0.0,90.0,3.79,3.85,3.31,3.37,3644776.0,-1
68.9135,77.575,70.9096,0.1233,0.0758,0.1991,3.1067,176.2981,10.0,100.0,3.99,4.0,3.6,3.74,6963085.0,-1
68.0459,67.9476,70.5903,0.1043,0.052,0.1563,3.0163,163.1605,20.0,100.0,3.2,3.75,2.97,3.72,13991044.0,1
75.0433,61.218,54.3595,0.0913,0.0103,0.1015,2.9158,7.4906,30.0,80.0,2.99,3.055,2.64,3.0,3851462.0,1
82.6444,74.9723,52.3889,0.0887,0.0147,0.1035,2.9037,25.5065,40.0,90.0,3.12,3.18,2.75,2.94,3747814.0,-1
77.8912,88.9398,58.8708,0.085,0.0255,0.1105,2.8985,73.6421,50.0,100.0,3.22,3.3,2.91,3.11,4289018.0,-1
59.8786,84.0213,62.9973,0.0787,0.0219,0.1006,2.8683,109.4836,60.0,40.0,3.1,3.245,3.02,3.21,2578623.0,1
37.9473,60.7126,62.2835,0.0732,0.0031,0.0763,2.8195,105.6022,70.0,50.0,3.0,3.23,2.8,3.18,3239372.0,1
25.448,34.902,56.2001,0.0724,-0.0252,0.0472,2.768,14.8659,80.0,60.0,2.66,2.95,2.55,2.94,1520724.0,1
26.5216,18.2272,46.0921,0.0787,-0.0449,0.0338,2.7434,-74.1217,90.0,70.0,2.57,2.66,2.47,2.63,1481950.0,1
41.0167,23.2148,43.039,0.09,-0.0421,0.0479,2.7597,-103.5846,100.0,80.0,2.59,2.65,2.41,2.55,2243373.0,1
58.8716,38.1226,45.0481,0.1005,-0.0273,0.0732,2.7896,-56.0174,30.0,90.0,2.84,2.91,2.53,2.62,3818976.0,-1
67.6247,61.7126,51.9014,0.1073,-0.0099,0.0973,2.8138,76.6319,40.0,100.0,2.97,3.26,2.81,2.84,4330788.0,-1
62.4812,76.7797,56.0905,0.1098,-0.0054,0.1044,2.8101,95.1844,50.0,90.0,3.1,3.12,2.85,2.96,1037937.0,-1
44.3546,64.3817,61.2841,0.1111,-0.0116,0.0996,2.7887,162.5251,0.0,100.0,2.94,3.22,2.82,3.1,2211524.0,1
29.2941,46.2822,55.4501,0.114,-0.0363,0.0777,2.7442,79.4902,0.0,50.0,2.68,2.94,2.65,2.88,1294950.0,1
23.1909,22.4,48.4604,0.1231,-0.0519,0.0712,2.7248,-37.4765,10.0,60.0,2.67,2.82,2.55,2.66,1119523.0,1
33.5225,19.2,49.4118,0.1361,-0.052,0.0841,2.7341,-16.4293,20.0,0.0,2.6,2.83,2.56,2.69,1651972.0,1
48.9646,27.9727,46.58,0.1491,-0.0527,0.0964,2.7404,-83.1158,30.0,0.0,2.62,2.69,2.51,2.6,1468823.0,1
58.3696,53.3949,46.58,0.1622,-0.0424,0.1198,2.7604,-57.6414,40.0,10.0,2.85,2.85,2.561,2.6,1486940.0,-1
52.4495,65.5261,53.2922,0.1729,-0.0249,0.1479,2.7833,-10.3444,50.0,20.0,3.05,3.135,2.54,2.85,2356668.0,-1
40.7436,56.1877,59.1193,0.1791,-0.0228,0.1563,2.7738,5.8037,60.0,30.0,2.67,3.11,2.6,3.04,1537680.0,1
29.7612,35.6347,49.7498,0.1848,-0.0395,0.1453,2.7358,-70.5271,70.0,40.0,2.65,2.8,2.51,2.68,816825.0,1
23.8974,30.4083,48.8709,0.1947,-0.0289,0.1658,2.7438,-86.487,80.0,50.0,2.78,2.82,2.54,2.65,1173461.0,-1
22.5136,23.2407,51.2931,0.2019,-0.0093,0.1926,2.7572,-95.1597,90.0,60.0,2.65,2.95,2.5,2.74,2553867.0,1
32.482,18.043,53.4109,0.2042,0.0106,0.2148,2.7596,-109.9382,0.0,70.0,2.48,2.89,2.36,2.82,2808555.0,1
50.3824,26.2569,44.9769,0.2016,0.0303,0.2319,2.751,-121.5444,0.0,80.0,2.95,2.99,2.42,2.49,3980495.0,-1
69.1973,53.1461,58.5672,0.194,0.09,0.284,2.7883,40.5971,10.0,90.0,3.39,3.43,2.95,2.96,3025955.0,-1
79.8678,71.7442,75.0739,0.1715,0.127,0.2985,2.7637,112.1356,20.0,100.0,3.23,3.67,3.15,3.34,4664142.0,-1
86.435,82.7014,72.3004,0.1397,0.1343,0.274,2.6814,64.8098,0.0,80.0,3.02,3.215,2.85,3.19,3750939.0,1
86.6967,85.1577,69.4445,0.1062,0.1478,0.254,2.6087,81.3444,0.0,90.0,3.19,3.22,2.99,3.05,4302661.0,-1
85.4578,91.4458,76.5475,0.0692,0.1698,0.239,2.5457,111.3295,0.0,100.0,3.25,3.268,2.94,3.19,4761115.0,-1
81.4279,83.4866,76.3922,0.0268,0.1754,0.2022,2.4537,142.0607,10.0,100.0,3.17,3.25,3.0,3.18,3382387.0,1
80.7742,81.4411,75.365,-0.0171,0.1703,0.1532,2.3499,154.1566,0.0,100.0,2.74,3.24,2.7,3.11,6101092.0,1
80.8165,79.3561,68.0323,-0.0596,0.1552,0.0956,2.2413,111.8094,0.0,100.0,2.85,2.95,2.56,2.7,5839680.0,1
81.8001,81.5253,71.7845,-0.0985,0.1609,0.0624,2.1758,103.8596,10.0,100.0,2.51,2.88,2.21,2.78,5772807.0,1
84.4513,81.5683,65.5935,-0.1387,0.1497,0.011,2.0895,78.8635,20.0,80.0,2.44,2.55,2.15,2.49,2506545.0,1
85.721,82.3067,63.6112,-0.1761,0.1509,-0.0252,2.0323,100.9738,0.0,90.0,2.5,2.55,2.26,2.41,1777456.0,1
84.334,89.4789,68.9762,-0.2138,0.151,-0.0629,1.9783,151.0367,10.0,100.0,2.43,2.65,2.25,2.53,3362512.0,-1
78.7198,85.3775,65.2381,-0.2516,0.1293,-0.1223,1.8995,161.1491,20.0,100.0,2.28,2.55,2.08,2.36,3817882.0,1
70.2428,78.1455,61.8292,-0.2839,0.1048,-0.1791,1.8337,146.4998,30.0,100.0,1.91,2.25,1.77,2.22,3751614.0,1
63.5681,72.6364,52.1831,-0.3101,0.0754,-0.2347,1.7785,115.5084,40.0,90.0,1.83,1.98,1.68,1.9,1268339.0,1
55.0423,59.9465,48.5245,-0.3289,0.0593,-0.2697,1.7612,158.0717,50.0,100.0,1.94,2.09,1.75,1.8,2992012.0,-1
55.3216,58.1215,52.5014,-0.3437,0.0435,-0.3002,1.7556,141.8539,60.0,100.0,1.45,2.07,1.36,1.91,7174561.0,1
50.7458,47.0588,31.3158,-0.3546,0.0086,-0.346,1.7336,-76.0986,70.0,0.0,1.56,1.65,1.32,1.45,3211643.0,1
45.3022,60.7843,34.3099,-0.3568,0.0041,-0.3526,1.7741,-72.3295,80.0,0.0,1.52,1.59,1.35,1.55,2665396.0,-1
27.3625,44.3942,31.3565,-0.3578,-0.0083,-0.3661,1.8061,-73.2889,90.0,10.0,1.67,1.71,1.35,1.5,1990254.0,-1
17.3143,30.7281,36.0205,-0.3557,-0.0172,-0.3729,1.8498,-63.7636,100.0,0.0,1.4,1.77,1.26,1.66,2828467.0,1
13.6734,6.9653,18.2337,-0.3514,-0.041,-0.3925,1.8769,-153.2451,100.0,0.0,1.47,1.53,1.37,1.4,2716147.0,1
19.1799,14.2496,19.3511,-0.3412,-0.044,-0.3852,1.9451,-121.49,100.0,0.0,1.56,1.62,1.44,1.46,759400.0,-1
20.8273,19.8052,21.7501,-0.3302,-0.0463,-0.3765,2.0143,-81.4644,60.0,0.0,1.68,1.75,1.57,1.58,547934.0,-1
19.4918,23.4848,24.2282,-0.3186,-0.0535,-0.3721,2.0764,-70.2212,70.0,0.0,1.71,1.74,1.65,1.69,451730.0,-1
16.1291,19.1919,22.0482,-0.3052,-0.067,-0.3722,2.1316,-83.5197,80.0,10.0,1.68,1.76,1.62,1.66,467804.0,1
12.9365,15.7987,22.0482,-0.2885,-0.0755,-0.364,2.199,-94.2336,90.0,0.0,1.68,1.77,1.61,1.66,498884.0,1
9.8639,13.3966,22.5743,-0.2696,-0.0785,-0.3481,2.276,-106.8044,100.0,10.0,1.79,1.84,1.56,1.69,1566669.0,-1
8.8078,9.6141,24.3147,-0.25,-0.0759,-0.3259,2.3597,-108.4153,100.0,20.0,1.89,2.0,1.691,1.79,1476360.0,-1
10.3824,6.581,25.7437,-0.231,-0.0719,-0.303,2.4411,-126.3521,100.0,30.0,1.94,1.96,1.78,1.87,722397.0,-1
16.3546,10.2284,27.1815,-0.2131,-0.0644,-0.2774,2.5226,-139.9654,100.0,0.0,2.0,2.11,1.9,1.95,1632204.0,-1
27.406,14.3377,28.0631,-0.197,-0.052,-0.2489,2.6044,-163.2968,100.0,10.0,2.31,2.34,1.97,2.0,764234.0,-1
42.6146,24.4978,34.2643,-0.184,-0.0301,-0.2141,2.6908,-161.0295,100.0,0.0,2.26,2.48,2.15,2.31,1166314.0,-1
55.7393,43.3824,34.4856,-0.1765,-0.0216,-0.198,2.7452,-225.9746,100.0,0.0,2.6,2.6,2.2,2.32,743945.0,-1
59.9613,59.9638,38.7657,-0.1711,-0.0046,-0.1756,2.8059,-172.5861,100.0,10.0,2.81,2.84,2.32,2.51,433825.0,-1
54.6004,63.8716,46.4047,-0.1699,0.006,-0.1639,2.8482,-8.0121,60.0,20.0,2.75,2.84,2.75,2.79,177691.0,-1
46.497,56.0485,45.7171,-0.1714,-0.0036,-0.175,2.8565,-28.6023,0.0,30.0,2.7,2.88,2.66,2.77,285172.0,1
35.9383,43.881,42.3909,-0.1705,-0.0141,-0.1846,2.8689,-77.2574,0.0,40.0,2.72,2.77,2.63,2.67,155094.0,1
30.8499,39.5613,43.8415,-0.167,-0.017,-0.184,2.8973,-26.1312,10.0,50.0,2.7,2.79,2.68,2.73,196964.0,-1
28.7231,24.3725,43.8415,-0.1628,-0.0239,-0.1867,2.9212,-24.7899,20.0,60.0,2.82,2.835,2.46,2.73,760003.0,-1
41.1452,28.616,46.1887,-0.1568,-0.0306,-0.1874,2.9485,23.4004,30.0,70.0,2.7,2.92,2.61,2.84,927655.0,1
57.8618,33.1808,41.8592,-0.1492,-0.0475,-0.1967,2.964,1.4555,40.0,0.0,2.82,2.8301,2.6,2.67,152011.0,1
76.1248,61.6388,44.9206,-0.1373,-0.0512,-0.1885,3.006,22.6831,50.0,0.0,2.75,2.95,2.7,2.83,297758.0,-1
76.806,78.7657,42.0603,-0.1245,-0.067,-0.1915,3.0312,20.5528,60.0,0.0,3.24,3.3341,2.64,2.71,631052.0,-1
61.5955,87.9698,53.7932,-0.1077,-0.0726,-0.1804,3.077,55.2565,70.0,0.0,2.93,3.329,2.93,3.27,553199.0,-1
36.2557,63.6824,45.4833,-0.0896,-0.131,-0.2206,3.0495,-4.5235,80.0,10.0,2.97,2.97,2.82,2.93,298894.0,1
17.5056,33.1343,44.9593,-0.0568,-0.1772,-0.234,3.0665,-33.7593,90.0,20.0,2.45,2.94,2.44,2.91,492778.0,1
8.775,11.9502,31.2868,-0.0125,-0.2333,-0.2458,3.0889,-86.3752,100.0,0.0,2.3,2.5492,2.17,2.45,527227.0,1
8.3259,7.4322,22.6393,0.0458,-0.2562,-0.2104,3.1802,-119.8658,100.0,10.0,2.5,2.51,2.17,2.22,1010101.0,1
