SlowK,SlowD,RSI,MACD,MACD_Hist,MACD_Signal,EMA,CCI,Aroon Down,Aroon Up,1. open,2. high,3. low,4. close,5. volume,Trend label
65.9933,38.7812,51.4537,-0.0139,-0.0059,-0.0081,0.184,56.4906,80.0,10.0,0.209,0.209,0.195,0.198,5577.0,1
41.8418,18.6185,50.2084,-0.017,-0.0104,-0.0066,0.182,-20.2857,90.0,20.0,0.1201,0.189,0.1201,0.189,7430.0,1
8.5085,7.0146,39.5003,-0.0197,-0.0157,-0.004,0.181,-127.4787,100.0,0.0,0.1123,0.13,0.11,0.12,15559.0,1
5.5053,12.3026,40.6403,-0.0159,-0.0158,-0.0001,0.1897,-107.2769,90.0,10.0,0.155,0.189,0.1257,0.13,24061.0,-1
7.0302,20.4763,37.7797,-0.0117,-0.0156,0.0039,0.1982,-173.8294,100.0,20.0,0.1552,0.179,0.1123,0.1123,19855.0,1
24.3723,29.13,42.2177,-0.0045,-0.0123,0.0078,0.2105,-137.0524,10.0,30.0,0.18,0.18,0.1551,0.1552,33997.0,-1
30.0264,28.1141,45.2629,0.0004,-0.0105,0.0109,0.2184,-65.6981,20.0,0.0,0.22,0.22,0.1825,0.1825,5820.0,-1
32.9913,29.8479,49.6943,0.0039,-0.0096,0.0135,0.2235,-54.6873,30.0,0.0,0.1725,0.22,0.1725,0.22,29845.0,1
21.3246,32.3351,45.5005,0.0045,-0.0114,0.0159,0.224,-74.6108,40.0,0.0,0.24,0.24,0.17,0.1872,26502.0,-1
35.2278,39.8914,48.0023,0.0085,-0.0103,0.0188,0.2293,-42.2753,50.0,0.0,0.218,0.278,0.1925,0.21,46070.0,-1
40.453,38.6202,41.7988,0.0112,-0.0102,0.0213,0.232,-86.72,0.0,10.0,0.248,0.248,0.1571,0.161,21919.0,1
43.9934,31.1241,51.6445,0.0194,-0.0045,0.0239,0.2422,-44.9459,10.0,20.0,0.278,0.278,0.201,0.248,15396.0,-1
31.4143,22.294,50.8663,0.0208,-0.0042,0.025,0.2413,-40.1767,20.0,30.0,0.22,0.334,0.171,0.2415,79605.0,1
17.9647,18.7262,48.3939,0.0229,-0.0031,0.026,0.2413,-79.4236,0.0,40.0,0.2339,0.27,0.1625,0.22,9650.0,1
17.503,22.2404,46.1241,0.0275,0.0007,0.0268,0.2443,-114.5199,10.0,50.0,0.21,0.234,0.1255,0.2,115478.0,1
20.711,26.9905,49.4518,0.035,0.0084,0.0266,0.2507,-50.5171,20.0,60.0,0.255,0.32,0.2,0.234,43667.0,-1
28.5073,31.7585,56.8948,0.0405,0.016,0.0245,0.2531,14.5785,30.0,70.0,0.25,0.38,0.25,0.3025,88981.0,-1
31.7531,33.821,60.8025,0.0401,0.0196,0.0205,0.246,60.4809,0.0,80.0,0.4673,0.4673,0.255,0.335,102035.0,-1
35.015,34.3478,59.6513,0.0356,0.02,0.0156,0.2333,62.7631,10.0,90.0,0.3789,0.48,0.2,0.32,259677.0,1
34.695,31.6533,65.4145,0.0309,0.0202,0.0106,0.2209,259.8466,20.0,100.0,0.484,0.85,0.27,0.37,632660.0,-1
33.3333,32.5578,59.8252,0.0194,0.0138,0.0056,0.1996,21.7913,30.0,80.0,0.275,0.33,0.1075,0.29,63522.0,1
26.9315,34.7606,54.9061,0.0125,0.0103,0.0021,0.1867,49.7295,40.0,90.0,0.25,0.3,0.23,0.23,39942.0,1
37.4087,42.8185,56.9999,0.0096,0.0101,-0.0004,0.1805,192.5675,50.0,100.0,0.485,0.57,0.15,0.25,143022.0,-1
39.9416,41.1561,48.0925,0.0038,0.0068,-0.003,0.1706,64.8977,60.0,100.0,0.1309,0.447,0.1,0.15,9564.0,1
51.1053,36.796,53.0363,0.0066,0.0112,-0.0047,0.1735,11.1181,70.0,50.0,0.2,0.2,0.2,0.2,6500.0,-1
32.4215,29.1074,53.0363,0.0048,0.0123,-0.0075,0.1697,50.9504,80.0,60.0,0.25,0.25,0.2,0.2,4520.0,-1
26.8612,33.271,57.8536,0.0026,0.0131,-0.0105,0.1654,102.3047,0.0,70.0,0.24,0.25,0.215,0.25,74988.0,-1
28.0394,46.463,41.6304,-0.0054,0.0084,-0.0138,0.1533,-52.7189,10.0,80.0,0.07,0.25,0.07,0.08,62068.0,1
44.9124,59.9744,52.2853,0.0017,0.0177,-0.0159,0.1638,77.3363,20.0,90.0,0.18,0.29,0.17,0.18,23291.0,-1
66.4372,66.6665,67.9337,0.0007,0.021,-0.0204,0.1615,166.2664,30.0,100.0,0.178,0.399,0.1152,0.28,70497.0,-1
68.5735,60.272,55.7861,-0.0109,0.0147,-0.0256,0.1445,109.5411,40.0,60.0,0.218,0.218,0.178,0.178,500.0,1
64.9886,50.5261,64.3962,-0.0151,0.0142,-0.0293,0.1397,115.4024,50.0,70.0,0.17,0.22,0.12,0.218,29675.0,1
47.2539,38.0762,57.2743,-0.0243,0.0085,-0.0328,0.1286,108.371,60.0,80.0,0.18,0.18,0.17,0.17,2012.0,1
39.3357,27.7376,49.7331,-0.0308,0.0042,-0.035,0.1226,27.3881,0.0,90.0,0.114,0.145,0.114,0.13,14350.0,1
27.6391,15.4939,46.3224,-0.0346,0.0014,-0.036,0.1216,87.8641,10.0,100.0,0.112,0.235,0.112,0.114,850.0,1
16.2379,15.5401,45.9095,-0.0374,-0.001,-0.0364,0.1227,60.8051,20.0,100.0,0.1,0.2,0.1,0.112,28525.0,1
2.6046,29.5719,34.0364,-0.0401,-0.004,-0.0361,0.1242,-103.6509,30.0,50.0,0.0511,0.1,0.0511,0.06,11990.0,1
27.7778,58.3333,34.4288,-0.0377,-0.0026,-0.0351,0.1334,-152.7012,40.0,60.0,0.065,0.065,0.063,0.063,20000.0,-1
58.3333,75.0,34.6687,-0.0344,0.0001,-0.0345,0.1434,-126.3736,50.0,70.0,0.15,0.15,0.065,0.065,225.0,-1
88.8889,76.8519,47.26,-0.0299,0.0046,-0.0345,0.1546,-15.8888,60.0,0.0,0.16,0.165,0.066,0.15,1525.0,-1
77.7778,60.2381,49.1501,-0.0323,0.0033,-0.0357,0.1553,107.9038,70.0,0.0,0.16,0.16,0.16,0.16,25.0,-1
63.8889,42.6614,49.1501,-0.036,0.0005,-0.0365,0.1546,41.6315,80.0,0.0,0.1,0.17,0.1,0.16,2151.0,1
39.0476,27.4656,36.8819,-0.0402,-0.0036,-0.0366,0.1539,-109.2676,90.0,10.0,0.1,0.1,0.1,0.1,0.0,1
25.0476,19.0899,36.8819,-0.0389,-0.0032,-0.0357,0.1615,-115.8496,100.0,20.0,0.131,0.145,0.05,0.1,57579.0,-1
18.3016,14.4921,41.0241,-0.0366,-0.0017,-0.0349,0.1703,-70.3185,70.0,0.0,0.131,0.131,0.131,0.131,1000.0,-1
13.9206,11.6138,41.0241,-0.0363,-0.0018,-0.0345,0.176,-80.01,80.0,10.0,0.13,0.131,0.13,0.131,7774.0,1
11.254,9.7513,43.4465,-0.0355,-0.0014,-0.0341,0.1824,-71.4463,90.0,0.0,0.13,0.15,0.13,0.15,100.0,-1
9.6667,16.8586,40.0954,-0.0357,-0.002,-0.0337,0.187,-109.2749,100.0,10.0,0.13,0.13,0.125,0.13,76.0,1
8.3333,30.0505,40.0954,-0.0335,-0.0004,-0.0332,0.1952,-121.8867,100.0,20.0,0.16,0.16,0.13,0.13,200.0,-1
32.5758,46.4646,43.206,-0.0303,0.0028,-0.0331,0.2045,-111.6822,100.0,30.0,0.13,0.2,0.13,0.16,12380.0,1
49.2424,48.7374,38.9429,-0.0287,0.0051,-0.0338,0.2108,-177.8554,100.0,40.0,0.209,0.209,0.13,0.13,700.0,-1
57.5758,39.1414,51.7656,-0.0232,0.0119,-0.0351,0.2224,83.5522,10.0,50.0,0.245,0.25,0.24,0.24,2520.0,-1
39.3939,34.2463,53.1988,-0.027,0.011,-0.0381,0.2198,54.5396,20.0,60.0,0.19,0.25,0.19,0.25,1025.0,1
20.4545,41.7249,44.9718,-0.0326,0.0082,-0.0408,0.2155,-103.939,30.0,70.0,0.19,0.19,0.16,0.19,8299.0,1
42.8904,57.3529,44.9718,-0.0331,0.0098,-0.0429,0.2192,21.0746,40.0,80.0,0.19,0.27,0.19,0.19,11508.0,1
61.8298,63.9225,44.9718,-0.0332,0.0121,-0.0453,0.2233,31.3624,50.0,90.0,0.27,0.27,0.19,0.19,3045.0,-1
67.3383,65.8457,54.2393,-0.033,0.0154,-0.0484,0.2281,161.2195,0.0,0.0,0.28,0.28,0.22,0.27,33071.0,-1
62.5994,73.1875,50.8187,-0.0403,0.0119,-0.0522,0.2221,124.721,10.0,0.0,0.21,0.27,0.17,0.24,21670.0,1
67.5994,80.3592,44.608,-0.0459,0.0093,-0.0552,0.2196,8.6844,20.0,0.0,0.19,0.24,0.17,0.19,20175.0,1
89.3637,80.6595,50.328,-0.0474,0.0101,-0.0575,0.2238,91.4514,30.0,10.0,0.21,0.2652,0.2,0.24,23477.0,-1
84.1144,67.6761,44.5708,-0.0537,0.0063,-0.06,0.2215,-45.1864,40.0,20.0,0.2,0.2,0.15,0.195,34114.0,1
68.5004,53.8662,45.0935,-0.0564,0.0052,-0.0616,0.2253,3.3793,50.0,30.0,0.2,0.2,0.2,0.2,24.0,-1
50.4134,45.1821,45.0935,-0.0595,0.0034,-0.0629,0.2289,-26.0519,60.0,40.0,0.18,0.2,0.18,0.2,7200.0,1
42.6849,44.8732,42.9251,-0.0626,0.0012,-0.0638,0.233,-69.4881,70.0,50.0,0.19,0.2,0.15,0.18,14325.0,1
42.4482,43.0166,43.7017,-0.0636,0.0004,-0.064,0.2406,-83.548,80.0,60.0,0.15,0.1901,0.15,0.19,20425.0,1
49.4866,40.4818,41.8064,-0.065,-0.0008,-0.0642,0.2478,-122.5119,90.0,70.0,0.18,0.18,0.15,0.17,49135.0,-1
37.115,28.1727,42.4495,-0.0638,0.0002,-0.0639,0.2589,-146.7074,100.0,0.0,0.29,0.29,0.051,0.18,107675.0,-1
34.8439,25.123,50.0752,-0.0623,0.0017,-0.064,0.2702,18.9647,70.0,10.0,0.16,0.3499,0.16,0.29,5350.0,1
12.5593,20.1491,38.6284,-0.0707,-0.0063,-0.0644,0.2674,-67.2091,80.0,20.0,0.22,0.3549,0.1601,0.1631,37188.0,1
27.9658,22.642,42.5669,-0.0675,-0.0046,-0.0629,0.2823,-114.6981,90.0,30.0,0.16,0.25,0.16,0.22,9220.0,1
19.9223,16.704,36.3119,-0.0682,-0.0065,-0.0617,0.2912,-181.9708,100.0,40.0,0.27,0.28,0.1591,0.1591,10670.0,-1
20.0378,14.0207,44.2016,-0.0619,-0.0019,-0.0601,0.31,-87.7223,100.0,0.0,0.28,0.28,0.2075,0.27,28314.0,-1
10.1518,13.5753,42.1619,-0.0643,-0.0047,-0.0596,0.3157,-50.8456,90.0,10.0,0.25,0.33,0.25,0.25,14280.0,1
11.8725,19.0589,39.2646,-0.0644,-0.0059,-0.0584,0.3251,-112.0935,100.0,20.0,0.27,0.29,0.2201,0.221,35110.0,1
18.7016,23.4504,42.5023,-0.0605,-0.0036,-0.0569,0.34,-83.1442,100.0,30.0,0.23,0.337,0.222,0.27,19390.0,-1
26.6026,24.584,43.1559,-0.0598,-0.0037,-0.056,0.35,-100.6369,80.0,40.0,0.2928,0.2928,0.2492,0.28,24404.0,-1
25.047,18.3882,43.7616,-0.059,-0.0039,-0.0551,0.36,32.0301,90.0,50.0,0.48,0.48,0.2854,0.29,28788.0,-1
22.1026,22.4887,47.3502,-0.0581,-0.0039,-0.0541,0.37,-43.0085,100.0,60.0,0.28,0.35,0.24,0.35,54287.0,1
8.0152,31.7036,42.3897,-0.0622,-0.0091,-0.0532,0.3729,-73.0681,90.0,70.0,0.28,0.35,0.276,0.28,16120.0,1
37.3485,46.3369,42.3897,-0.0595,-0.0086,-0.0509,0.3862,-151.7704,100.0,0.0,0.25,0.28,0.25,0.28,21376.0,1
49.747,43.6432,42.399,-0.0551,-0.0063,-0.0488,0.4013,-88.9006,100.0,0.0,0.31,0.4,0.2801,0.2802,32724.0,-1
51.9151,31.7887,54.0605,-0.0487,-0.0015,-0.0472,0.4186,131.5221,60.0,0.0,0.35,0.5,0.35,0.5,3501.0,-1
29.2675,21.3787,44.7225,-0.0623,-0.0155,-0.0468,0.407,-42.2031,70.0,0.0,0.3,0.41,0.3,0.35,40050.0,1
14.1834,16.8685,41.2548,-0.0634,-0.0204,-0.0429,0.4151,-100.1422,80.0,0.0,0.35,0.35,0.3016,0.3016,4900.0,-1
20.6851,17.7825,43.8426,-0.0589,-0.0211,-0.0378,0.4314,-67.1626,90.0,10.0,0.34,0.41,0.3105,0.3522,24310.0,-1
15.7369,15.3093,40.4051,-0.0576,-0.025,-0.0325,0.4427,-105.3783,100.0,20.0,0.36,0.36,0.2919,0.3005,20760.0,1
16.9255,14.9555,43.1403,-0.0497,-0.0234,-0.0263,0.463,-94.8355,100.0,30.0,0.41,0.41,0.3001,0.36,19215.0,-1
13.2653,15.8404,43.1403,-0.045,-0.0246,-0.0204,0.4777,-99.3483,100.0,40.0,0.39,0.44,0.3101,0.36,12604.0,1
14.6756,22.1805,42.6168,-0.0384,-0.0241,-0.0143,0.4945,-83.8819,80.0,50.0,0.45,0.48,0.3478,0.3501,26789.0,-1
19.5801,30.1833,44.4744,-0.0283,-0.0201,-0.0082,0.5151,-73.8937,0.0,60.0,0.35,0.51,0.35,0.4,20697.0,1
32.2858,42.8292,45.5487,-0.0202,-0.017,-0.0032,0.5316,-65.5109,10.0,70.0,0.45,0.53,0.329,0.43,25383.0,-1
38.684,55.8252,46.2185,-0.0126,-0.0136,0.001,0.5461,-30.7511,20.0,80.0,0.555,0.6,0.35,0.45,8362.0,-1
57.5177,67.746,50.569,-0.0047,-0.0091,0.0044,0.5598,28.1077,30.0,90.0,0.516,0.61,0.367,0.58,18692.0,-1
71.2738,69.3672,48.5925,-0.0078,-0.0145,0.0067,0.5569,121.3755,40.0,100.0,0.75,0.8,0.5131,0.521,17525.0,-1
74.4463,65.3158,54.5481,-0.0056,-0.016,0.0104,0.5621,212.5486,50.0,100.0,0.455,0.8,0.41,0.7,32641.0,1
62.3814,61.7667,51.5633,-0.021,-0.0353,0.0143,0.5424,145.4817,60.0,0.0,0.44,0.62,0.44,0.6,9950.0,1
59.1196,64.1806,45.7969,-0.0301,-0.0533,0.0232,0.5341,-31.0184,70.0,0.0,0.3735,0.58,0.33,0.42,59101.0,1
63.7991,58.2734,44.1341,-0.0231,-0.0596,0.0365,0.5504,-78.5865,80.0,0.0,0.48,0.48,0.3321,0.37,16603.0,-1
69.6229,47.45,46.9881,-0.0086,-0.06,0.0514,0.5762,-33.2628,90.0,10.0,0.475,0.48,0.475,0.48,5200.0,-1
41.3981,28.615,47.7459,-0.0012,-0.0676,0.0664,0.59,-71.7054,100.0,0.0,0.259,0.51,0.259,0.51,701.0,1
31.3289,20.3728,47.7459,0.0052,-0.078,0.0833,0.6014,-75.7797,100.0,0.0,0.3,0.52,0.3,0.51,555.0,-1
13.1178,13.9329,42.4864,0.0133,-0.0894,0.1028,0.6144,-118.5575,100.0,0.0,0.52,0.52,0.3,0.3,11915.0,-1
16.6715,17.5862,46.9412,0.0449,-0.0803,0.1251,0.6594,-97.4202,100.0,0.0,0.41,0.52,0.3501,0.52,3700.0,-1
12.0092,23.5489,43.8078,0.0621,-0.0831,0.1452,0.6793,-106.4444,100.0,10.0,0.65,0.65,0.36,0.39,8338.0,-1
24.078,29.0156,45.8707,0.0964,-0.0696,0.166,0.7206,-91.9358,70.0,0.0,0.55,0.65,0.5,0.5,12900.0,-1
34.5594,25.8401,46.7718,0.1275,-0.0559,0.1834,0.7521,-78.304,80.0,0.0,0.56,0.828,0.55,0.55,20585.0,-1
28.4092,16.4938,51.708,0.1603,-0.037,0.1974,0.781,-72.2929,0.0,10.0,0.85,0.85,0.56,0.82,14936.0,-1
14.5515,11.176,52.2595,0.1724,-0.0342,0.2066,0.7754,-71.4851,0.0,20.0,0.55,0.919,0.45,0.85,28710.0,1
6.5206,11.9236,45.7496,0.1823,-0.0329,0.2152,0.7648,-79.4617,10.0,30.0,0.6,0.85,0.451,0.475,29922.0,1
12.4558,16.4972,48.5289,0.2304,0.0069,0.2234,0.8062,-43.5922,0.0,40.0,0.95,0.95,0.65,0.65,28364.0,-1
16.7944,22.4636,53.5479,0.2706,0.0489,0.2217,0.8285,7.976,10.0,50.0,1.2,1.34,0.88,0.95,12023.0,-1
20.2415,32.7766,58.0508,0.2874,0.078,0.2095,0.8111,27.0502,20.0,60.0,0.85,1.4,0.85,1.2,21486.0,1
30.3549,49.9013,50.7445,0.2793,0.0893,0.19,0.7556,32.7449,30.0,70.0,1.09,2.0,0.66,0.71,142442.0,1
47.7334,69.2443,57.978,0.3148,0.1471,0.1676,0.7621,48.0852,40.0,80.0,1.58,1.635,0.79,1.1,47985.0,-1
71.6155,76.6665,75.3223,0.3157,0.1849,0.1309,0.7138,147.7722,0.0,90.0,2.0,2.27,1.56,1.8,53387.0,-1
88.3838,70.145,93.2568,0.2411,0.1565,0.0846,0.5586,300.395,0.0,100.0,0.9,3.45,0.7,2.3,158802.0,1
70.0,49.1718,83.1411,0.0914,0.0459,0.0455,0.3098,237.9089,0.0,20.0,0.3,0.9,0.3,0.9,54044.0,1
52.0513,35.453,59.991,0.0416,0.0076,0.034,0.2255,-10.8159,0.0,30.0,0.18,0.3,0.17,0.3,15000.0,1
25.464,25.1772,46.8552,0.0385,0.0063,0.0322,0.2149,-31.6988,10.0,40.0,0.298,0.298,0.17,0.18,4670.0,1
28.8436,24.3334,66.5074,0.0462,0.0156,0.0306,0.2199,-0.8326,20.0,50.0,0.29,0.3,0.15,0.3,18465.0,-1
21.2241,23.2266,65.4196,0.0431,0.0165,0.0267,0.2084,0.5586,0.0,60.0,0.27,0.2925,0.1575,0.29,5705.0,1
22.9323,28.5567,63.2724,0.0396,0.0171,0.0226,0.1968,29.5558,10.0,70.0,0.285,0.285,0.27,0.27,7828.0,1
25.5234,37.052,66.0403,0.0366,0.0183,0.0183,0.1863,87.436,20.0,80.0,0.29,0.45,0.285,0.285,29396.0,-1
37.2143,45.8557,65.6618,0.0306,0.0169,0.0137,0.1722,102.1983,30.0,90.0,0.475,0.475,0.2,0.2808,65710.0,-1
48.4182,55.3883,69.5138,0.0231,0.0136,0.0095,0.1567,256.6559,40.0,100.0,0.19,0.96,0.12,0.304,215098.0,1
51.9347,65.7446,58.7701,0.0107,0.0046,0.0061,0.1357,101.0009,50.0,100.0,0.13,0.289,0.096,0.1895,104912.0,1
65.812,81.7664,48.9401,0.0064,0.0014,0.0049,0.128,-8.8484,60.0,90.0,0.08,0.15,0.08,0.12,86495.0,1
79.4872,93.1624,41.7458,0.0079,0.0033,0.0046,0.1291,-14.5849,70.0,100.0,0.2,0.2,0.05,0.08,3000.0,-1
100.0,98.8889,67.3783,0.0137,0.01,0.0038,0.1362,150.8075,80.0,100.0,0.2,0.2,0.2,0.2,0.0,-1
100.0,95.5556,67.3783,0.0088,0.0075,0.0013,0.127,195.2503,90.0,100.0,0.2,0.2,0.2,0.2,0.0,1
96.6667,84.4444,66.688,0.0024,0.003,-0.0006,0.1166,77.5151,100.0,100.0,0.1,0.195,0.005,0.195,41850.0,1
90.0,70.0,47.7981,-0.0053,-0.004,-0.0014,0.1054,-9.892,90.0,30.0,0.1,0.1,0.1,0.1,0.0,1
66.6667,54.4444,46.3572,-0.0054,-0.0051,-0.0004,0.1062,-61.2337,100.0,40.0,0.1,0.1,0.05,0.095,3265.0,1
53.3333,43.3333,44.9907,-0.005,-0.0059,0.0009,0.1078,-59.9247,70.0,50.0,0.08,0.09,0.08,0.09,16570.0,1
43.3333,42.2222,42.3471,-0.0038,-0.0062,0.0024,0.1103,-80.2543,80.0,60.0,0.1,0.1,0.074,0.08,22500.0,-1
33.3333,50.0,46.3572,-0.0013,-0.0052,0.0039,0.1147,-48.8028,90.0,70.0,0.1,0.1,0.1,0.1,0.0,-1
50.0,72.2222,46.3572,-0.0,-0.0052,0.0052,0.1168,-116.3756,100.0,80.0,0.1,0.1,0.05,0.1,1520.0,1
66.6667,88.8889,33.6301,0.0015,-0.005,0.0065,0.1192,-195.5401,100.0,90.0,0.1,0.1,0.05,0.05,18990.0,1
100.0,96.8311,58.6975,0.0086,0.0009,0.0078,0.1291,137.7391,80.0,100.0,0.15,0.15,0.15,0.15,0.0,-1
100.0,85.6599,58.6975,0.0074,-0.0002,0.0075,0.1261,175.1019,90.0,0.0,0.15,0.15,0.15,0.15,0.0,1
90.4932,66.4865,58.6975,0.0056,-0.0019,0.0076,0.1226,79.1157,100.0,10.0,0.1,0.15,0.1,0.15,6250.0,1
66.4865,44.0944,48.6496,0.0034,-0.0047,0.0081,0.1187,-38.7337,0.0,20.0,0.114,0.114,0.114,0.114,0.0,1
42.4799,26.5955,47.3729,0.0041,-0.0051,0.0092,0.1194,-50.8593,10.0,30.0,0.114,0.114,0.11,0.11,0.0,1
23.3167,15.764,48.4572,0.0054,-0.0052,0.0105,0.1207,-36.6682,20.0,40.0,0.114,0.114,0.114,0.114,0.0,-1
13.99,16.2084,48.4572,0.0065,-0.0053,0.0118,0.1217,-33.5304,30.0,50.0,0.114,0.114,0.114,0.114,0.0,1
9.9855,26.2043,48.4572,0.0078,-0.0053,0.0131,0.1228,-54.2797,40.0,60.0,0.1,0.114,0.1,0.114,1700.0,1
24.6499,45.9384,45.2542,0.0094,-0.005,0.0145,0.1241,-91.8816,50.0,70.0,0.1,0.1,0.1,0.1,0.0,1
43.9776,54.3417,45.2542,0.0128,-0.003,0.0157,0.1275,-63.2283,60.0,80.0,0.15,0.15,0.1,0.1,2000.0,-1
69.1877,49.8599,55.1811,0.0168,0.0004,0.0165,0.1315,-35.876,70.0,90.0,0.15,0.15,0.1,0.15,5950.0,-1
49.8599,26.7974,55.1811,0.0167,0.0003,0.0164,0.1288,-8.5784,80.0,100.0,0.19,0.2,0.1,0.15,6400.0,-1
30.5322,10.1774,64.3244,0.0163,0.0,0.0163,0.1258,76.512,90.0,0.0,0.2,0.2,0.19,0.19,2200.0,-1
0.0,0.0,39.9025,0.0114,-0.0048,0.0163,0.1166,-77.6006,0.0,10.0,0.1,0.2,0.081,0.081,90850.0,1
0.0,3.7037,44.7034,0.0162,-0.0013,0.0175,0.1217,-90.4585,0.0,20.0,0.1,0.1,0.1,0.1,3021.0,-1
0.0,14.8148,44.7034,0.0201,0.0022,0.0178,0.1248,-62.3306,10.0,30.0,0.12,0.12,0.1,0.1,21250.0,-1
11.1111,33.5017,60.1223,0.0247,0.0075,0.0173,0.1283,14.5322,20.0,40.0,0.15,0.15,0.15,0.15,0.0,-1
33.3333,52.3569,60.1223,0.0252,0.0099,0.0154,0.1252,21.3366,30.0,50.0,0.15,0.15,0.15,0.15,0.0,1
56.0606,61.4478,60.1223,0.0255,0.0126,0.0129,0.1217,47.2987,40.0,60.0,0.2,0.2,0.15,0.15,7000.0,-1
67.6768,59.0909,80.3179,0.0255,0.0157,0.0098,0.1176,96.1843,50.0,70.0,0.2,0.2,0.2,0.2,0.0,-1
60.6061,48.9899,80.3179,0.02,0.0142,0.0058,0.1059,131.034,60.0,80.0,0.2,0.2,0.2,0.2,1090.0,1
48.9899,36.1953,80.3179,0.0128,0.0105,0.0023,0.0924,178.4912,70.0,90.0,0.15,0.2,0.15,0.2,10400.0,1
37.3737,34.6801,73.9353,0.0033,0.0036,-0.0003,0.0771,299.7329,80.0,100.0,0.1,0.27,0.09,0.15,55040.0,1
22.2222,44.4444,45.087,-0.0038,-0.0026,-0.0012,0.0666,19.8793,90.0,0.0,0.06,0.06,0.06,0.06,2500.0,1
44.4444,59.2593,45.087,-0.0036,-0.003,-0.0006,0.0676,43.8294,100.0,0.0,0.05,0.08,0.05,0.06,9800.0,1
66.6667,55.5892,39.0118,-0.0033,-0.0034,0.0002,0.0687,-56.0151,100.0,10.0,0.05,0.05,0.05,0.05,300.0,1
66.6667,33.4285,55.6283,-0.0018,-0.0028,0.001,0.0713,71.9432,30.0,20.0,0.08,0.08,0.08,0.08,0.0,-1
33.4343,11.2955,55.6283,-0.0029,-0.0046,0.0017,0.0701,20.4713,40.0,0.0,0.0501,0.08,0.0501,0.08,1325.0,1
0.1843,0.234,32.375,-0.0043,-0.0072,0.0029,0.0687,-62.2007,50.0,10.0,0.0501,0.0501,0.0501,0.0501,0.0,1
0.2677,0.2558,32.375,-0.0031,-0.0077,0.0047,0.0714,-74.3961,60.0,0.0,0.0501,0.0501,0.0501,0.0501,0.0,1
0.25,0.2221,32.375,-0.0014,-0.008,0.0066,0.0744,-92.9836,70.0,10.0,0.0501,0.0501,0.0501,0.0501,1.0,1
0.2498,0.1665,32.375,0.0008,-0.0078,0.0086,0.0779,-124.3521,80.0,20.0,0.0501,0.0501,0.0501,0.0501,0.0,1
0.1665,0.0832,32.375,0.0036,-0.0069,0.0105,0.0818,-166.4361,90.0,0.0,0.0501,0.0501,0.0501,0.0501,0.0,1
0.0831,0.0277,32.375,0.0071,-0.0052,0.0123,0.0864,-134.3251,100.0,10.0,0.083,0.083,0.05,0.0501,15400.0,-1
0.0,0.0,51.5239,0.0114,-0.0021,0.0136,0.0915,-61.9302,100.0,20.0,0.09,0.09,0.09,0.09,200.0,-1
0.0,0.0,51.5239,0.0128,-0.0013,0.0141,0.0917,-73.8585,0.0,30.0,0.09,0.09,0.09,0.09,40.0,1
0.0,0.0,51.5239,0.0143,-0.0002,0.0145,0.092,-82.0655,10.0,40.0,0.09,0.09,0.09,0.09,800.0,1
0.0,9.1667,51.5239,0.016,0.0015,0.0145,0.0923,-51.0348,20.0,50.0,0.09,0.0901,0.09,0.09,1180.0,1
0.0,29.4444,51.5239,0.018,0.0038,0.0141,0.0926,-30.8227,30.0,60.0,0.09,0.09,0.09,0.09,0.0,1
27.5,60.8333,51.5239,0.0202,0.007,0.0132,0.093,4.5918,40.0,70.0,0.129,0.129,0.09,0.09,900.0,-1
60.8333,85.0,74.3751,0.0228,0.0113,0.0114,0.0934,48.0355,50.0,80.0,0.129,0.129,0.129,0.129,5000.0,-1
94.1667,98.0556,74.3751,0.0217,0.0131,0.0086,0.0883,58.0965,60.0,90.0,0.129,0.129,0.129,0.129,590.0,1
100.0,88.8889,92.2124,0.0201,0.0148,0.0053,0.0825,99.484,70.0,100.0,0.15,0.15,0.15,0.15,0.0,-1
100.0,66.6667,92.2124,0.0156,0.014,0.0016,0.0729,136.7139,80.0,100.0,0.15,0.15,0.15,0.15,590.0,1
66.6667,33.3333,92.2124,0.0096,0.0115,-0.0019,0.0619,214.1834,90.0,100.0,0.14,0.15,0.14,0.15,2162.0,1
33.3333,11.1111,91.5051,0.0018,0.0066,-0.0048,0.0493,333.3333,100.0,100.0,0.03,0.14,0.03,0.14,18566.0,1
0.0,0.0,15.8311,-0.0071,-0.0007,-0.0064,0.0363,-41.7318,100.0,20.0,0.03,0.03,0.03,0.03,600.0,1
0.0,0.0,15.8311,-0.0072,-0.001,-0.0063,0.0372,-47.3274,100.0,30.0,0.0301,0.0301,0.03,0.03,1750.0,-1
0.0,0.0,15.8311,-0.0073,-0.0013,-0.006,0.0382,-55.5556,100.0,40.0,0.03,0.03,0.03,0.03,0.0,1
0.0,0.0,15.8311,-0.0072,-0.0015,-0.0057,0.0394,-63.7255,100.0,50.0,0.03,0.03,0.03,0.03,500.0,1
0.0,0.0,15.8311,-0.007,-0.0017,-0.0053,0.0408,-76.1905,100.0,60.0,0.03,0.03,0.03,0.03,0.0,1
0.0,0.0,15.8311,-0.0067,-0.0018,-0.0049,0.0423,-95.9596,100.0,70.0,0.03,0.03,0.03,0.03,0.0,1
0.0,0.0,15.8311,-0.0061,-0.0017,-0.0044,0.044,-130.9524,100.0,80.0,0.03,0.03,0.03,0.03,0.0,1
0.0,0.0,15.8311,-0.0054,-0.0013,-0.004,0.0461,-208.3333,100.0,90.0,0.03,0.03,0.03,0.03,0.0,1
0.0,0.0,15.8311,-0.0043,-0.0006,-0.0037,0.0483,-333.3333,100.0,100.0,0.05,0.05,0.03,0.03,3000.0,-1
0.0,0.0,42.4989,-0.0029,0.0006,-0.0035,0.051,66.6667,100.0,100.0,0.05,0.05,0.05,0.05,0.0,-1
0.0,0.0,42.4989,-0.0031,0.0006,-0.0037,0.0511,66.6667,100.0,100.0,0.05,0.05,0.05,0.05,0.0,1
0.0,0.0,42.4989,-0.0032,0.0006,-0.0038,0.0513,66.6667,100.0,100.0,0.05,0.05,0.05,0.05,0.0,1
0.0,0.0,42.4989,-0.0034,0.0006,-0.004,0.0514,66.6667,100.0,100.0,0.05,0.05,0.05,0.05,0.0,1
0.0,0.0,42.4989,-0.0036,0.0005,-0.0041,0.0516,66.6667,100.0,100.0,0.05,0.05,0.05,0.05,0.0,1
0.0,0.0,42.4989,-0.0038,0.0005,-0.0043,0.0519,66.6667,100.0,100.0,0.05,0.05,0.05,0.05,0.0,1
0.0,0.0,42.4989,-0.004,0.0004,-0.0044,0.0522,66.6667,100.0,100.0,0.05,0.05,0.05,0.05,0.0,1
0.0,0.0,42.4989,-0.0042,0.0003,-0.0045,0.0525,66.6667,100.0,100.0,0.05,0.05,0.05,0.05,0.0,1
0.0,0.0,42.4989,-0.0044,0.0002,-0.0045,0.0528,66.6667,100.0,100.0,0.05,0.05,0.05,0.05,700.0,1
0.0,0.0,42.4989,-0.0045,0.0001,-0.0046,0.0532,66.6667,100.0,100.0,0.05,0.05,0.05,0.05,0.0,1
0.0,0.0,42.4989,-0.0047,-0.0001,-0.0046,0.0537,66.6667,100.0,0.0,0.05,0.05,0.05,0.05,0.0,1
0.0,0.0,42.4989,-0.0048,-0.0002,-0.0046,0.0542,-37.037,100.0,10.0,0.05,0.05,0.05,0.05,0.0,1
0.0,0.0,42.4989,-0.0048,-0.0003,-0.0045,0.0548,-41.6667,100.0,20.0,0.05,0.05,0.05,0.05,0.0,1
0.0,0.0,42.4989,-0.0048,-0.0004,-0.0045,0.0555,-47.619,100.0,30.0,0.05,0.05,0.05,0.05,0.0,1
0.0,0.0,42.4989,-0.0048,-0.0004,-0.0044,0.0563,-47.619,100.0,40.0,0.05,0.05,0.05,0.05,0.0,1
0.0,0.0,42.4989,-0.0047,-0.0004,-0.0043,0.0572,-47.619,100.0,50.0,0.05,0.05,0.05,0.05,1200.0,1
0.0,0.0,42.4989,-0.0044,-0.0002,-0.0042,0.0582,-47.619,100.0,60.0,0.05,0.05,0.05,0.05,1200.0,1
0.0,11.1111,42.4989,-0.0041,0.0001,-0.0041,0.0593,-47.619,100.0,70.0,0.05,0.05,0.05,0.05,0.0,1
0.0,33.3333,42.4989,-0.0035,0.0006,-0.0042,0.0607,-47.619,0.0,80.0,0.05,0.05,0.05,0.05,0.0,1
33.3333,55.5556,42.4989,-0.0028,0.0015,-0.0043,0.0622,-45.3834,10.0,90.0,0.05,0.05,0.05,0.05,0.0,1
66.6667,66.6667,42.4989,-0.0018,0.0028,-0.0047,0.0639,36.036,20.0,100.0,0.1,0.1,0.05,0.05,2000.0,-1
66.6667,66.6667,78.8181,-0.0006,0.0048,-0.0054,0.0659,205.6075,30.0,100.0,0.1,0.1,0.1,0.1,0.0,-1
66.6667,77.7778,78.8181,-0.004,0.0026,-0.0066,0.0611,333.3333,40.0,100.0,0.05,0.1,0.05,0.1,1000.0,1
66.6667,88.8889,31.179,-0.0084,-0.0012,-0.0072,0.0555,63.7255,50.0,100.0,0.05,0.05,0.05,0.05,0.0,1
100.0,100.0,31.179,-0.0088,-0.0018,-0.0069,0.0563,76.1905,60.0,100.0,0.05,0.05,0.05,0.05,0.0,1
100.0,88.8889,31.179,-0.0091,-0.0027,-0.0065,0.0572,95.9596,70.0,0.0,0.05,0.05,0.05,0.05,0.0,1
100.0,66.6667,31.179,-0.0094,-0.0036,-0.0058,0.0582,63.4921,80.0,10.0,0.05,0.05,0.05,0.05,0.0,1
66.6667,33.3333,31.179,-0.0097,-0.0048,-0.0049,0.0594,1.8215,90.0,20.0,0.05,0.05,0.05,0.05,0.0,1
33.3333,11.1111,31.179,-0.0099,-0.0062,-0.0037,0.0608,-27.7778,100.0,30.0,0.04,0.05,0.04,0.05,2500.0,1
0.0,0.0,9.5595,-0.0099,-0.0078,-0.0022,0.0623,-55.5556,100.0,40.0,0.04,0.04,0.04,0.04,0.0,1
0.0,0.0,9.5595,-0.0089,-0.0087,-0.0002,0.0655,-63.7255,100.0,50.0,0.04,0.04,0.04,0.04,0.0,1
0.0,0.0,9.5595,-0.0074,-0.0094,0.0019,0.0691,-76.1905,100.0,60.0,0.04,0.04,0.04,0.04,0.0,1
0.0,0.0,9.5595,-0.0054,-0.0097,0.0043,0.0733,-95.9596,100.0,70.0,0.04,0.04,0.04,0.04,0.0,1
0.0,0.0,9.5595,-0.0028,-0.0095,0.0067,0.078,-130.9524,100.0,80.0,0.04,0.04,0.04,0.04,0.0,1
0.0,0.0,9.5595,0.0006,-0.0085,0.0091,0.0835,-208.3333,100.0,90.0,0.04,0.04,0.04,0.04,2200.0,1
0.0,0.0,9.5595,0.0049,-0.0063,0.0112,0.0897,-333.3333,100.0,100.0,0.1,0.1,0.04,0.04,5000.0,-1
0.0,0.0,97.067,0.0103,-0.0025,0.0128,0.0968,66.6667,100.0,100.0,0.1,0.1,0.1,0.1,59.0,-1
0.0,0.0,97.067,0.011,-0.0024,0.0134,0.0963,66.6667,100.0,100.0,0.1,0.1,0.1,0.1,0.0,1
0.0,0.0,97.067,0.0117,-0.0023,0.014,0.0958,66.6667,100.0,100.0,0.1,0.1,0.1,0.1,0.0,1
0.0,0.0,97.067,0.0124,-0.0022,0.0146,0.0952,66.6667,100.0,100.0,0.1,0.1,0.1,0.1,0.0,1
0.0,0.0,97.067,0.0131,-0.002,0.0151,0.0945,66.6667,100.0,100.0,0.1,0.1,0.1,0.1,0.0,1
0.0,0.0,97.067,0.0139,-0.0017,0.0156,0.0937,66.6667,100.0,100.0,0.1,0.1,0.1,0.1,0.0,1
0.0,0.0,97.067,0.0147,-0.0014,0.016,0.0928,66.6667,100.0,100.0,0.1,0.1,0.1,0.1,0.0,1
0.0,0.0,97.067,0.0154,-0.001,0.0164,0.0918,66.6667,100.0,100.0,0.1,0.1,0.1,0.1,0.0,1
0.0,0.0,97.067,0.0162,-0.0005,0.0166,0.0906,66.6667,100.0,100.0,0.1,0.1,0.1,0.1,0.0,1
0.0,0.0,97.067,0.0169,0.0001,0.0168,0.0892,66.6667,100.0,100.0,0.1,0.1,0.1,0.1,0.0,1
0.0,0.0,97.067,0.0175,0.0008,0.0167,0.0877,66.6667,100.0,100.0,0.1,0.1,0.1,0.1,0.0,1
0.0,0.0,97.067,0.0181,0.0016,0.0165,0.0859,66.6667,100.0,100.0,0.1,0.1,0.1,0.1,0.0,1
0.0,0.0,97.067,0.0186,0.0025,0.0161,0.0839,66.6667,0.0,100.0,0.1,0.1,0.1,0.1,0.0,1
0.0,0.0,97.067,0.019,0.0034,0.0155,0.0816,37.037,10.0,100.0,0.1,0.1,0.1,0.1,0.0,1
0.0,11.1111,97.067,0.0192,0.0045,0.0147,0.079,41.6667,20.0,100.0,0.1,0.1,0.1,0.1,0.0,1
0.0,33.3333,97.067,0.0191,0.0056,0.0135,0.076,47.619,30.0,100.0,0.1,0.1,0.1,0.1,0.0,1
33.3333,66.6667,97.067,0.0188,0.0066,0.0121,0.0726,55.5556,40.0,100.0,0.1,0.1,0.1,0.1,0.0,1
66.6667,88.8889,97.067,0.018,0.0076,0.0105,0.0687,63.7255,50.0,100.0,0.1,0.1,0.1,0.1,0.0,1
100.0,100.0,97.067,0.0169,0.0083,0.0086,0.0642,76.1905,60.0,100.0,0.1,0.1,0.1,0.1,0.0,1
100.0,88.8889,97.067,0.0151,0.0086,0.0065,0.0591,95.9596,70.0,100.0,0.1,0.1,0.1,0.1,0.0,1
100.0,66.6667,97.067,0.0127,0.0083,0.0044,0.0533,130.9524,80.0,100.0,0.1,0.1,0.1,0.1,0.0,1
66.6667,33.3333,97.067,0.0094,0.0071,0.0023,0.0466,208.3333,90.0,100.0,0.1,0.1,0.1,0.1,0.0,1
33.3333,11.1111,97.067,0.0051,0.0046,0.0005,0.039,333.3333,100.0,100.0,0.03,0.1,0.03,0.1,1000.0,1
0.0,0.0,45.1459,-0.0005,0.0001,-0.0006,0.0302,-66.6667,100.0,100.0,0.03,0.03,0.03,0.03,0.0,1
0.0,0.0,45.1459,-0.0006,0.0001,-0.0006,0.0303,-66.6667,100.0,100.0,0.03,0.03,0.03,0.03,0.0,1
0.0,0.0,45.1459,-0.0006,0.0,-0.0006,0.0303,-66.6667,100.0,100.0,0.03,0.03,0.03,0.03,0.0,1
0.0,0.0,45.1459,-0.0006,0.0,-0.0007,0.0303,-66.6667,100.0,100.0,0.03,0.03,0.03,0.03,0.0,1
0.0,0.0,45.1459,-0.0007,-0.0,-0.0007,0.0304,-66.6667,100.0,100.0,0.03,0.03,0.03,0.03,400.0,1
0.0,0.0,45.1459,-0.0007,-0.0,-0.0007,0.0304,-66.6667,100.0,100.0,0.03,0.03,0.03,0.03,0.0,1
0.0,0.0,45.1459,-0.0007,-0.0001,-0.0007,0.0305,-66.6667,100.0,100.0,0.03,0.03,0.03,0.03,0.0,1
0.0,0.0,45.1459,-0.0008,-0.0001,-0.0006,0.0306,-66.6667,100.0,100.0,0.03,0.03,0.03,0.03,3500.0,1
0.0,0.0,45.1459,-0.0008,-0.0002,-0.0006,0.0307,-66.6667,100.0,100.0,0.03,0.03,0.03,0.03,0.0,1
0.0,0.0,45.1459,-0.0008,-0.0002,-0.0006,0.0308,-66.6667,100.0,100.0,0.03,0.03,0.03,0.03,0.0,1
0.0,0.0,45.1459,-0.0008,-0.0003,-0.0005,0.0309,-66.6667,100.0,100.0,0.03,0.03,0.03,0.03,0.0,1
0.0,0.0,45.1459,-0.0008,-0.0004,-0.0004,0.031,-66.6667,100.0,100.0,0.03,0.03,0.03,0.03,20.0,1
0.0,0.0,45.1459,-0.0008,-0.0005,-0.0003,0.0311,-66.6667,100.0,0.0,0.03,0.03,0.03,0.03,0.0,1
0.0,0.0,45.1459,-0.0008,-0.0005,-0.0002,0.0313,-37.037,100.0,10.0,0.03,0.03,0.03,0.03,0.0,1
0.0,0.0,45.1459,-0.0007,-0.0006,-0.0001,0.0315,-41.6667,100.0,20.0,0.03,0.03,0.03,0.03,0.0,1
0.0,0.0,45.1459,-0.0007,-0.0007,0.0001,0.0317,-47.619,100.0,30.0,0.03,0.03,0.03,0.03,0.0,1
0.0,0.0,45.1459,-0.0006,-0.0008,0.0003,0.0319,-55.5556,100.0,40.0,0.03,0.03,0.03,0.03,0.0,1
0.0,0.0,45.1459,-0.0005,-0.0009,0.0005,0.0322,-63.7255,100.0,50.0,0.03,0.03,0.03,0.03,0.0,1
0.0,0.0,45.1459,-0.0003,-0.001,0.0007,0.0325,-76.1905,100.0,60.0,0.03,0.03,0.03,0.03,0.0,1
0.0,0.0,45.1459,-0.0001,-0.001,0.0009,0.0329,-95.9596,100.0,70.0,0.03,0.03,0.03,0.03,0.0,1
0.0,0.0,45.1459,0.0002,-0.001,0.0012,0.0333,-130.9524,100.0,80.0,0.03,0.03,0.03,0.03,0.0,1
0.0,0.0,45.1459,0.0005,-0.0009,0.0015,0.0338,-208.3333,100.0,90.0,0.03,0.03,0.03,0.03,0.0,1
0.0,0.0,45.1459,0.001,-0.0007,0.0017,0.0343,-333.3333,100.0,100.0,0.035,0.035,0.03,0.03,100.0,-1
0.0,0.0,50.8438,0.0015,-0.0004,0.0019,0.0349,-66.6667,100.0,0.0,0.035,0.035,0.035,0.035,7000.0,-1
0.0,0.0,50.8438,0.0017,-0.0003,0.002,0.0349,-37.037,100.0,10.0,0.035,0.035,0.035,0.035,5100.0,1
0.0,0.0,50.8438,0.0018,-0.0002,0.002,0.0349,-41.6667,100.0,20.0,0.035,0.035,0.035,0.035,0.0,1
0.0,0.0,50.8438,0.002,-0.0001,0.0021,0.0349,-47.619,0.0,30.0,0.035,0.035,0.035,0.035,0.0,1
0.0,0.0,50.8438,0.0023,0.0001,0.0021,0.0349,-52.2876,10.0,40.0,0.035,0.035,0.035,0.035,0.0,1
0.0,0.3268,50.8438,0.0025,0.0004,0.0021,0.0349,-49.4541,0.0,50.0,0.035,0.035,0.035,0.035,0.0,1
0.0,0.9804,50.8438,0.0028,0.0008,0.002,0.0349,-44.072,10.0,60.0,0.035,0.035,0.035,0.035,0.0,1
0.9804,4.2484,50.8438,0.0031,0.0014,0.0018,0.0349,-34.3223,20.0,70.0,0.035,0.035,0.035,0.035,0.0,1
1.9608,17.9739,50.8438,0.0035,0.0021,0.0014,0.0348,-26.3158,30.0,80.0,0.035,0.035,0.035,0.035,0.0,1
9.8039,42.1569,50.8438,0.0039,0.003,0.0009,0.0348,-20.1863,40.0,90.0,0.035,0.035,0.035,0.035,0.0,1
42.1569,72.2222,50.8438,0.0044,0.0042,0.0002,0.0348,147.0588,50.0,100.0,0.2,0.2,0.035,0.035,2400.0,-1
74.5098,91.5033,50.8438,0.0049,0.0058,-0.0009,0.0348,93.5441,60.0,100.0,0.1,0.1,0.035,0.035,1000.0,1
100.0,88.8889,94.7509,0.0055,0.0079,-0.0024,0.0347,262.1359,70.0,100.0,0.05,0.1,0.05,0.1,25100.0,-1
100.0,66.6667,86.9473,-0.0004,0.0039,-0.0043,0.0254,229.0503,80.0,100.0,0.03,0.05,0.03,0.05,20000.0,1
66.6667,44.4444,71.9177,-0.0028,0.0025,-0.0053,0.0219,226.3325,90.0,100.0,0.03,0.03,0.03,0.03,0.0,1
33.3333,43.4343,71.9177,-0.0039,0.002,-0.0059,0.0207,213.7752,100.0,100.0,0.015,0.03,0.015,0.03,2600.0,1
33.3333,63.6364,6.5433,-0.0052,0.0013,-0.0064,0.0194,-189.9133,100.0,30.0,0.015,0.015,0.015,0.015,0.0,1
63.6364,82.8283,6.5433,-0.0052,0.0015,-0.0067,0.02,-235.5372,100.0,40.0,0.02,0.02,0.015,0.015,180.0,-1
93.9394,91.9192,17.6155,-0.0052,0.002,-0.0071,0.0207,32.967,60.0,50.0,0.02,0.02,0.02,0.02,0.0,-1
90.9091,80.8081,17.6155,-0.0055,0.0021,-0.0076,0.0208,32.967,70.0,60.0,0.02,0.02,0.02,0.02,0.0,1
90.9091,60.6061,17.6155,-0.006,0.0022,-0.0081,0.021,32.967,80.0,70.0,0.02,0.02,0.02,0.02,0.0,1
60.6061,30.303,17.6155,-0.0064,0.0023,-0.0087,0.0211,32.967,90.0,80.0,0.02,0.02,0.02,0.02,0.0,1
30.303,10.101,17.6155,-0.0069,0.0024,-0.0092,0.0213,-333.3333,100.0,90.0,0.015,0.02,0.015,0.02,100.0,1
-0.0,0.0,17.6155,-0.0074,0.0025,-0.0098,0.0214,333.3333,100.0,100.0,0.02,0.0205,0.02,0.02,10000.0,-1
-0.0,0.0,17.6155,-0.0079,0.0026,-0.0105,0.0217,-37.037,100.0,10.0,0.02,0.02,0.02,0.02,0.0,1
-0.0,0.0,17.6155,-0.0084,0.0027,-0.0111,0.0219,-41.6667,100.0,20.0,0.02,0.02,0.02,0.02,0.0,1
-0.0,0.0,17.6155,-0.009,0.0027,-0.0118,0.0222,-47.619,100.0,30.0,0.02,0.02,0.02,0.02,0.0,1
-0.0,0.0,17.6155,-0.0097,0.0028,-0.0125,0.0225,-47.619,100.0,40.0,0.02,0.02,0.02,0.02,0.0,1
-0.0,0.0,17.6155,-0.0103,0.0029,-0.0132,0.0228,-47.619,100.0,50.0,0.02,0.02,0.02,0.02,0.0,1
-0.0,0.0,17.6155,-0.011,0.0029,-0.0139,0.0232,-47.619,100.0,60.0,0.02,0.02,0.02,0.02,0.0,1
-0.0,0.0,17.6155,-0.0117,0.0029,-0.0146,0.0237,-47.619,100.0,70.0,0.02,0.02,0.02,0.02,0.0,1
-0.0,0.0,17.6155,-0.0124,0.0029,-0.0153,0.0242,-47.619,100.0,80.0,0.02,0.02,0.02,0.02,0.0,1
-0.0,0.0,17.6155,-0.0132,0.0028,-0.016,0.0248,-47.619,100.0,90.0,0.02,0.02,0.02,0.02,0.0,1
-0.0,0.0,17.6155,-0.014,0.0028,-0.0167,0.0255,111.1111,100.0,100.0,0.0205,0.0205,0.02,0.02,3800.0,-1
-0.0,0.0,17.6155,-0.0148,0.0027,-0.0174,0.0263,166.6667,100.0,0.0,0.0205,0.0205,0.02,0.02,0.0,1
-0.0,0.0,17.6155,-0.0156,0.0025,-0.0181,0.0272,-28.7837,100.0,10.0,0.0201,0.0205,0.02,0.02,500.0,1
-0.0,0.0,17.6155,-0.0164,0.0024,-0.0187,0.0282,-41.6667,100.0,20.0,0.02,0.02,0.02,0.02,400.0,1
-0.0,0.0,17.6155,-0.0171,0.0022,-0.0193,0.0294,-47.619,100.0,30.0,0.02,0.02,0.02,0.02,0.0,1
-0.0,0.0,17.6155,-0.0179,0.002,-0.0199,0.0307,-55.5556,100.0,40.0,0.02,0.02,0.02,0.02,0.0,1
-0.0,0.0,17.6155,-0.0185,0.0018,-0.0204,0.0323,-63.7255,100.0,50.0,0.02,0.02,0.02,0.02,0.0,1
-0.0,0.0,17.6155,-0.0191,0.0017,-0.0208,0.034,-76.1905,100.0,60.0,0.02,0.02,0.02,0.02,0.0,1
-0.0,0.0,17.6155,-0.0196,0.0016,-0.0212,0.036,-95.9596,100.0,70.0,0.02,0.02,0.02,0.02,0.0,1
-0.0,0.0,17.6155,-0.0199,0.0017,-0.0216,0.0383,-130.9524,100.0,80.0,0.02,0.02,0.02,0.02,0.0,1
-0.0,0.0,17.6155,-0.0201,0.002,-0.0221,0.0409,-208.3333,100.0,90.0,0.02,0.02,0.02,0.02,0.0,1
-0.0,0.0,17.6155,-0.0199,0.0026,-0.0226,0.0439,-333.3333,100.0,100.0,0.04,0.04,0.02,0.02,100.0,-1
-0.0,0.0,29.0487,-0.0195,0.0037,-0.0232,0.0473,66.6667,100.0,100.0,0.04,0.04,0.04,0.04,0.0,-1
-0.0,0.0,29.0487,-0.0206,0.0035,-0.0242,0.0484,66.6667,100.0,100.0,0.04,0.04,0.04,0.04,0.0,1
-0.0,0.0,29.0487,-0.0218,0.0032,-0.025,0.0496,66.6667,100.0,100.0,0.04,0.04,0.04,0.04,0.0,1
-0.0,0.0,29.0487,-0.023,0.0028,-0.0258,0.0509,66.6667,100.0,0.0,0.04,0.04,0.04,0.04,0.0,1
-0.0,0.0,29.0487,-0.0242,0.0023,-0.0265,0.0525,-37.037,100.0,10.0,0.04,0.04,0.04,0.04,4800.0,1
-0.0,0.0,29.0487,-0.0254,0.0017,-0.0271,0.0543,-41.6667,100.0,20.0,0.04,0.04,0.04,0.04,0.0,1
-0.0,0.0,29.0487,-0.0266,0.0009,-0.0275,0.0563,-47.619,100.0,30.0,0.04,0.04,0.04,0.04,0.0,1
-0.0,0.0,29.0487,-0.0276,0.0001,-0.0277,0.0586,-55.5556,0.0,40.0,0.04,0.04,0.04,0.04,0.0,1
-0.0,0.0,29.0487,-0.0286,-0.0008,-0.0278,0.0613,-55.5556,10.0,0.0,0.04,0.04,0.04,0.04,0.0,1
-0.0,7.4074,29.0487,-0.0294,-0.0019,-0.0275,0.0643,-59.0717,20.0,10.0,0.04,0.04,0.04,0.04,0.0,1
-0.0,16.6667,29.0487,-0.03,-0.003,-0.0271,0.0678,-56.338,30.0,20.0,0.04,0.04,0.04,0.04,0.0,1
22.2222,27.7778,29.0487,-0.0304,-0.004,-0.0263,0.0718,-59.8291,40.0,30.0,0.04,0.04,0.04,0.04,0.0,1
27.7778,25.9259,29.0487,-0.0304,-0.005,-0.0253,0.0763,-68.5358,50.0,40.0,0.04,0.04,0.04,0.04,0.0,1
33.3333,22.2222,29.0487,-0.0299,-0.0058,-0.0241,0.0815,-74.4186,60.0,50.0,0.05,0.05,0.04,0.04,200.0,-1
16.6667,14.8148,31.3782,-0.0289,-0.0063,-0.0226,0.0875,-77.1144,70.0,60.0,0.05,0.05,0.05,0.05,0.0,-1
16.6667,11.1111,31.3782,-0.0282,-0.0072,-0.021,0.0928,-101.6949,80.0,70.0,0.05,0.05,0.05,0.05,4000.0,1
11.1111,16.6667,31.3782,-0.0269,-0.0077,-0.0192,0.0989,-148.5507,90.0,80.0,0.05,0.05,0.05,0.05,0.0,1
5.5556,24.0741,31.3782,-0.0249,-0.0076,-0.0173,0.1059,-321.7054,100.0,90.0,0.05,0.05,0.02,0.05,93000.0,1
33.3333,44.4444,31.3782,-0.0219,-0.0065,-0.0154,0.1139,-31.339,100.0,100.0,0.1,0.2,0.05,0.05,17000.0,-1
33.3333,48.7179,41.1123,-0.0178,-0.004,-0.0138,0.123,6.5359,20.0,10.0,0.12,0.12,0.1,0.1,1000.0,-1
66.6667,56.2594,46.2809,-0.0174,-0.0046,-0.0128,0.1263,9.0466,30.0,20.0,0.1,0.12,0.1,0.12,6000.0,1
46.1538,44.8467,39.4273,-0.0187,-0.0071,-0.0116,0.1272,-46.9136,40.0,30.0,0.1,0.1,0.1,0.1,5000.0,1
55.9578,39.266,39.4273,-0.018,-0.0082,-0.0098,0.1311,-54.8576,50.0,0.0,0.1,0.1,0.1,0.1,0.0,1
32.4284,30.4173,39.4273,-0.0169,-0.0091,-0.0078,0.1356,-65.9467,60.0,0.0,0.1,0.1,0.1,0.1,0.0,1
29.4118,26.1438,39.4273,-0.0152,-0.0096,-0.0055,0.1406,-78.6834,70.0,10.0,0.1,0.1,0.1,0.1,0.0,1
29.4118,19.6078,39.4273,-0.0128,-0.0096,-0.0031,0.1464,-88.4871,80.0,20.0,0.1,0.1,0.1,0.1,0.0,1
19.6078,9.8039,39.4273,-0.0095,-0.0088,-0.0007,0.1531,-98.4795,90.0,30.0,0.08,0.1,0.08,0.1,1600.0,1
9.8039,3.268,39.4273,-0.0053,-0.0067,0.0015,0.1607,-101.5186,100.0,40.0,0.125,0.14,0.075,0.1,57600.0,-1
0.0,1.634,43.3999,0.0003,-0.0029,0.0032,0.1693,-64.3211,20.0,50.0,0.16,0.16,0.13,0.13,28600.0,-1
0.0,7.1895,47.7278,0.0043,0.0004,0.0039,0.175,-38.0669,30.0,60.0,0.16,0.16,0.16,0.16,1400.0,-1
4.902,17.1895,47.7278,0.0063,0.0025,0.0038,0.1771,-31.2669,40.0,70.0,0.16,0.16,0.16,0.16,4200.0,1
16.6667,35.0327,47.7278,0.0087,0.0056,0.0032,0.1795,-24.9775,50.0,80.0,0.16,0.16,0.16,0.16,5800.0,1
30.0,52.1034,47.7278,0.0117,0.01,0.0018,0.1823,5.5982,60.0,90.0,0.225,0.241,0.16,0.16,7200.0,-1
58.4314,60.2852,56.3271,0.0154,0.0161,-0.0007,0.1855,107.7191,70.0,100.0,0.23,0.45,0.21,0.23,500.0,-1
67.8788,47.8788,56.3271,0.0127,0.0174,-0.0048,0.1792,127.1625,80.0,100.0,0.19,0.41,0.18,0.23,18400.0,1
54.5455,25.2525,90.163,0.0091,0.0182,-0.0091,0.1719,286.2426,90.0,100.0,0.18,0.41,0.175,0.41,81700.0,-1
21.2121,7.0707,68.1847,-0.014,-0.0003,-0.0137,0.1379,315.4762,100.0,100.0,0.11,0.22,0.11,0.18,794300.0,1
0.0,0.0,18.0043,-0.0198,-0.0062,-0.0136,0.1319,-41.6667,100.0,10.0,0.11,0.11,0.11,0.11,0.0,1
0.0,0.0,18.0043,-0.0198,-0.0078,-0.012,0.135,-47.619,100.0,20.0,0.11,0.11,0.11,0.11,0.0,1
0.0,0.0,18.0043,-0.0195,-0.0095,-0.0101,0.1385,-53.8574,100.0,30.0,0.11,0.11,0.11,0.11,0.0,1
0.0,0.0,18.0043,-0.0189,-0.0112,-0.0077,0.1426,-61.8687,100.0,40.0,0.11,0.11,0.11,0.11,0.0,1
0.0,0.0,18.0043,-0.0178,-0.013,-0.0049,0.1473,-73.9394,100.0,0.0,0.11,0.11,0.11,0.11,0.0,1
0.0,0.0,18.0043,-0.0162,-0.0145,-0.0016,0.1526,-91.8367,100.0,10.0,0.11,0.11,0.11,0.11,0.0,1
0.0,1.8519,18.0043,-0.0139,-0.0159,0.002,0.1587,-109.6257,100.0,20.0,0.11,0.11,0.11,0.11,0.0,1
0.0,5.5556,18.0043,-0.0107,-0.0166,0.006,0.1657,-100.9174,100.0,30.0,0.11,0.11,0.11,0.11,0.0,1
5.5556,11.1111,18.0043,-0.0065,-0.0166,0.0101,0.1736,-92.3318,100.0,40.0,0.14,0.14,0.11,0.11,1000.0,-1
11.1111,14.8148,24.3921,-0.001,-0.0153,0.0143,0.1827,-69.9234,50.0,50.0,0.15,0.15,0.14,0.14,1000.0,-1
16.6667,16.6667,27.2976,0.0029,-0.0152,0.0181,0.1888,-74.1784,60.0,60.0,0.15,0.15,0.15,0.15,0.0,-1
16.6667,14.8148,27.2976,0.0069,-0.015,0.0219,0.1943,-93.254,70.0,70.0,0.15,0.15,0.15,0.15,0.0,1
16.6667,11.1111,27.2976,0.0119,-0.0138,0.0256,0.2007,-126.597,80.0,80.0,0.15,0.15,0.15,0.15,0.0,1
11.1111,5.5556,27.2976,0.018,-0.011,0.0291,0.2079,-198.7179,90.0,90.0,0.15,0.15,0.15,0.15,0.0,1
5.5556,1.8519,27.2976,0.0256,-0.0062,0.0318,0.2162,-325.0,100.0,100.0,0.25,0.25,0.13,0.15,6100.0,-1
0.0,11.1111,92.0281,0.035,0.0016,0.0334,0.2256,41.6667,20.0,100.0,0.25,0.25,0.25,0.25,0.0,-1
0.0,33.3333,92.0281,0.0362,0.0032,0.033,0.2222,47.619,30.0,100.0,0.25,0.25,0.25,0.25,0.0,1
33.3333,66.6667,92.0281,0.0372,0.0051,0.0321,0.2182,55.5556,40.0,100.0,0.25,0.25,0.25,0.25,0.0,1
66.6667,88.8889,92.0281,0.038,0.0071,0.0309,0.2136,66.6667,0.0,100.0,0.25,0.25,0.25,0.25,0.0,1
100.0,100.0,92.0281,0.0384,0.0093,0.0291,0.2084,59.6206,10.0,100.0,0.25,0.25,0.25,0.25,0.0,1
100.0,100.0,92.0281,0.0384,0.0116,0.0268,0.2025,52.7877,20.0,100.0,0.25,0.25,0.25,0.25,0.0,1
100.0,100.0,92.0281,0.0378,0.014,0.0239,0.1957,56.6836,30.0,100.0,0.25,0.25,0.25,0.25,0.0,1
100.0,100.0,92.0281,0.0366,0.0162,0.0204,0.188,64.5743,40.0,100.0,0.25,0.25,0.25,0.25,0.0,1
100.0,100.0,92.0281,0.0344,0.0181,0.0163,0.1791,66.6667,50.0,100.0,0.22,0.25,0.22,0.25,2200.0,1
100.0,100.0,92.0281,0.0312,0.0193,0.0118,0.169,83.3333,60.0,100.0,0.22,0.25,0.22,0.25,0.0,1
100.0,88.8889,92.0281,0.0266,0.0196,0.007,0.1574,109.127,70.0,100.0,0.22,0.25,0.22,0.25,0.0,1
100.0,66.6667,92.0281,0.0203,0.0182,0.0021,0.1442,153.4702,80.0,100.0,0.22,0.25,0.22,0.25,0.0,1
66.6667,33.3333,92.0281,0.012,0.0145,-0.0024,0.1291,263.8266,90.0,100.0,0.22,0.25,0.22,0.25,20100.0,1
33.3333,11.1111,86.2095,0.0013,0.0073,-0.0061,0.1118,314.2857,100.0,100.0,0.1,0.18,0.1,0.18,5000.0,1
0.0,0.0,44.6768,-0.0054,0.0025,-0.0079,0.102,-55.5556,100.0,50.0,0.1,0.1,0.1,0.1,0.0,1
0.0,11.1111,44.6768,-0.0056,0.0029,-0.0085,0.1023,-63.7255,100.0,60.0,0.1,0.1,0.1,0.1,700.0,1
0.0,33.3333,44.6768,-0.0058,0.0035,-0.0093,0.1027,-76.1905,100.0,70.0,0.1,0.1,0.1,0.1,0.0,1
33.3333,66.6667,44.6768,-0.0059,0.0042,-0.0101,0.103,-96.7742,100.0,80.0,0.1,0.1,0.1,0.1,0.0,1
66.6667,88.8889,44.6768,-0.0061,0.0051,-0.0112,0.1035,-96.7742,100.0,90.0,0.1,0.1,0.1,0.1,34900.0,1
100.0,88.8889,57.4472,-0.0062,0.0063,-0.0124,0.104,64.5161,60.0,100.0,0.11,0.11,0.11,0.11,1500.0,-1
100.0,66.6667,57.4472,-0.0072,0.0068,-0.014,0.1031,76.9231,70.0,100.0,0.11,0.11,0.11,0.11,0.0,1
66.6667,44.4444,57.4472,-0.0084,0.0073,-0.0157,0.1021,96.7742,80.0,100.0,0.11,0.11,0.11,0.11,0.0,1
33.3333,44.4444,57.4472,-0.0098,0.0077,-0.0176,0.101,129.6296,90.0,100.0,0.11,0.11,0.11,0.11,2000.0,1
33.3333,55.5556,47.6248,-0.0115,0.008,-0.0195,0.0997,-47.619,100.0,90.0,0.1,0.1,0.1,0.1,0.0,1
66.6667,55.5556,47.6248,-0.0124,0.009,-0.0215,0.0997,31.746,100.0,100.0,0.11,0.11,0.1,0.1,17000.0,-1
66.6667,33.3333,58.5769,-0.0135,0.0103,-0.0237,0.0997,208.3333,90.0,100.0,0.11,0.11,0.11,0.11,0.0,-1
33.3333,11.1111,58.5769,-0.0156,0.0107,-0.0263,0.0982,333.3333,0.0,100.0,0.1,0.11,0.1,0.11,1000.0,1
0.0,0.0,49.0947,-0.0181,0.0109,-0.029,0.0965,37.037,10.0,100.0,0.1,0.1,0.1,0.1,0.0,1
0.0,11.1111,49.0947,-0.02,0.0117,-0.0317,0.096,41.6667,0.0,100.0,0.1,0.1,0.1,0.1,0.0,1
0.0,33.3333,49.0947,-0.0222,0.0125,-0.0346,0.0954,42.6065,10.0,100.0,0.1,0.1,0.1,0.1,0.0,1
33.3333,66.6667,49.0947,-0.0246,0.0132,-0.0378,0.0947,45.1977,20.0,100.0,0.1,0.1,0.1,0.1,0.0,1
66.6667,88.8889,49.0947,-0.0273,0.0138,-0.0411,0.094,50.7012,30.0,100.0,0.1,0.1,0.1,0.1,0.0,1
100.0,100.0,49.0947,-0.0304,0.0141,-0.0445,0.0931,58.7121,40.0,100.0,0.1,0.1,0.1,0.1,100.0,1
100.0,100.0,49.0947,-0.0339,0.0142,-0.048,0.0922,70.3196,50.0,100.0,0.1,0.1,0.1,0.1,0.0,1
100.0,88.8889,49.0947,-0.0378,0.0138,-0.0516,0.091,88.1226,60.0,100.0,0.1,0.1,0.1,0.1,6200.0,1
100.0,66.6667,49.0947,-0.0423,0.0127,-0.055,0.0898,118.4939,70.0,100.0,0.1,0.1,0.1,0.1,0.0,1
66.6667,33.3333,49.0947,-0.0475,0.0107,-0.0582,0.0883,166.6667,80.0,100.0,0.09,0.1,0.09,0.1,5000.0,1
33.3333,11.1111,49.0947,-0.0533,0.0075,-0.0609,0.0866,333.3333,90.0,100.0,0.09,0.1,0.09,0.1,12700.0,1
0.0,0.0,20.5625,-0.0601,0.0027,-0.0627,0.0847,66.6667,0.0,100.0,0.05,0.05,0.05,0.05,0.0,1
0.0,0.0,20.5625,-0.0627,0.0008,-0.0634,0.0897,37.037,10.0,100.0,0.05,0.05,0.05,0.05,0.0,1
0.0,11.1111,20.5625,-0.0651,-0.0015,-0.0636,0.0953,41.6667,20.0,0.0,0.05,0.05,0.05,0.05,0.0,1
0.0,33.3333,20.5625,-0.0672,-0.004,-0.0632,0.1018,2.4155,30.0,10.0,0.05,0.05,0.05,0.05,0.0,1
33.3333,57.2104,20.5625,-0.069,-0.0067,-0.0622,0.1092,-32.1351,40.0,20.0,0.05,0.05,0.05,0.05,0.0,1
66.6667,60.5201,20.5625,-0.0702,-0.0096,-0.0606,0.1177,-40.7674,50.0,30.0,0.05,0.05,0.05,0.05,0.0,1
71.6312,43.2624,20.5625,-0.0707,-0.0126,-0.0582,0.1274,-47.242,60.0,40.0,0.05,0.05,0.05,0.05,0.0,1
43.2624,22.695,20.5625,-0.0704,-0.0154,-0.055,0.1384,-55.1708,70.0,50.0,0.05,0.05,0.05,0.05,0.0,1
14.8936,9.9291,20.5625,-0.0689,-0.0178,-0.0512,0.151,-66.2237,80.0,60.0,0.05,0.05,0.05,0.05,0.0,1
9.9291,4.9645,20.5625,-0.0661,-0.0194,-0.0467,0.1655,-82.757,90.0,70.0,0.05,0.05,0.05,0.05,0.0,1
4.9645,1.6548,20.5625,-0.0615,-0.0196,-0.0419,0.182,-119.4423,100.0,80.0,0.015,0.05,0.015,0.05,10100.0,1
0.0,0.0,9.4087,-0.0547,-0.0177,-0.037,0.2008,-208.3333,100.0,90.0,0.015,0.015,0.015,0.015,200.0,1
0.0,0.0,9.4087,-0.0417,-0.0091,-0.0326,0.2274,-333.3333,100.0,100.0,0.25,0.25,0.015,0.015,9400.0,-1
0.0,0.0,39.8048,-0.0245,0.0058,-0.0303,0.2577,0.0,100.0,100.0,0.25,0.25,0.25,0.25,0.0,-1
0.0,0.0,39.8048,-0.0261,0.0056,-0.0317,0.2588,0.0,100.0,100.0,0.25,0.25,0.25,0.25,0.0,1
0.0,0.0,39.8048,-0.0278,0.0054,-0.0331,0.2601,0.0,100.0,100.0,0.25,0.25,0.25,0.25,0.0,1
0.0,0.0,39.8048,-0.0295,0.005,-0.0345,0.2615,0.0,100.0,100.0,0.25,0.25,0.25,0.25,0.0,1
0.0,0.0,39.8048,-0.0313,0.0044,-0.0357,0.2632,0.0,100.0,100.0,0.25,0.25,0.25,0.25,0.0,1
0.0,0.0,39.8048,-0.0331,0.0037,-0.0368,0.265,0.0,100.0,100.0,0.25,0.25,0.25,0.25,0.0,1
0.0,0.0,39.8048,-0.035,0.0028,-0.0377,0.2672,0.0,100.0,100.0,0.25,0.25,0.25,0.25,0.0,1
0.0,0.0,39.8048,-0.0368,0.0016,-0.0384,0.2696,0.0,100.0,100.0,0.25,0.25,0.25,0.25,0.0,1
0.0,0.0,39.8048,-0.0387,0.0002,-0.0388,0.2725,0.0,100.0,100.0,0.25,0.25,0.25,0.25,0.0,1
0.0,0.0,39.8048,-0.0404,-0.0016,-0.0389,0.2757,0.0,100.0,100.0,0.25,0.25,0.25,0.25,0.0,1
0.0,0.0,39.8048,-0.0421,-0.0036,-0.0385,0.2793,0.0,0.0,100.0,0.25,0.25,0.25,0.25,0.0,1
0.0,0.0,39.8048,-0.0436,-0.0061,-0.0376,0.2835,37.037,0.0,100.0,0.25,0.25,0.25,0.25,0.0,1
0.0,11.1111,39.8048,-0.0449,-0.0089,-0.0361,0.2883,41.6667,10.0,0.0,0.25,0.25,0.25,0.25,0.0,1
0.0,33.3333,39.8048,-0.046,-0.0121,-0.0338,0.2938,47.619,20.0,10.0,0.25,0.25,0.25,0.25,0.0,1
33.3333,60.4938,39.8048,-0.0466,-0.0158,-0.0308,0.3,6.5209,30.0,20.0,0.25,0.25,0.25,0.25,0.0,1
66.6667,70.3704,39.8048,-0.0467,-0.0199,-0.0268,0.3072,-13.9692,40.0,30.0,0.25,0.25,0.25,0.25,0.0,1
81.4815,62.963,39.8048,-0.0462,-0.0243,-0.0219,0.3154,-23.951,50.0,40.0,0.25,0.25,0.25,0.25,0.0,1
62.963,45.9259,39.8048,-0.0448,-0.029,-0.0158,0.3247,-31.9803,60.0,50.0,0.25,0.25,0.25,0.25,0.0,1
44.4444,30.1235,39.8048,-0.0425,-0.0339,-0.0085,0.3354,-40.3997,70.0,60.0,0.25,0.25,0.25,0.25,0.0,1
30.3704,15.5556,39.8048,-0.0388,-0.0388,-0.0001,0.3476,-50.737,80.0,70.0,0.25,0.25,0.25,0.25,0.0,1
15.5556,5.4321,39.8048,-0.0336,-0.0433,0.0096,0.3615,-93.5857,90.0,80.0,0.06,0.25,0.06,0.25,2000.0,1
0.7407,0.2469,15.7164,-0.0265,-0.047,0.0205,0.3774,-206.8386,100.0,90.0,0.05,0.06,0.05,0.06,500.0,1
0.0,0.0,14.0878,0.0023,-0.0299,0.0322,0.4228,-333.3333,100.0,0.0,0.5,0.5,0.05,0.05,200.0,-1
0.0,0.0,64.7818,0.0401,0.0005,0.0397,0.476,-37.037,100.0,10.0,0.5,0.5,0.5,0.5,0.0,-1
0.0,0.0,64.7818,0.0419,0.0024,0.0395,0.4726,-41.6667,100.0,20.0,0.5,0.5,0.5,0.5,0.0,1
0.0,0.0,64.7818,0.0437,0.0047,0.0389,0.4687,-47.619,100.0,30.0,0.5,0.5,0.5,0.5,0.0,1
0.0,0.0,64.7818,0.0452,0.0075,0.0378,0.4642,-55.5556,100.0,40.0,0.5,0.5,0.5,0.5,0.0,1
0.0,0.0,64.7818,0.0466,0.0107,0.0359,0.4591,-63.7255,100.0,50.0,0.5,0.5,0.5,0.5,0.0,1
0.0,0.0,64.7818,0.0476,0.0144,0.0332,0.4532,-76.1905,100.0,60.0,0.5,0.5,0.5,0.5,0.0,1
0.0,0.0,64.7818,0.0482,0.0186,0.0296,0.4466,-95.9596,100.0,70.0,0.5,0.5,0.5,0.5,0.0,1
0.0,0.0,64.7818,0.0483,0.0233,0.025,0.4389,-130.9524,100.0,80.0,0.5,0.5,0.5,0.5,0.0,1
0.0,0.0,64.7818,0.0477,0.0286,0.0192,0.4302,-208.3333,100.0,90.0,0.5,0.5,0.5,0.5,0.0,1
0.0,0.0,64.7818,0.0463,0.0342,0.012,0.4202,-333.3333,0.0,100.0,0.51,0.51,0.5,0.5,100.0,-1
0.0,0.0,66.6398,0.0438,0.0403,0.0035,0.4088,37.037,10.0,100.0,0.51,0.51,0.51,0.51,0.0,-1
0.0,11.1111,66.6398,0.0389,0.0455,-0.0066,0.3944,41.6667,20.0,100.0,0.51,0.51,0.51,0.51,0.0,1
0.0,33.3333,66.6398,0.0322,0.0501,-0.018,0.3779,47.619,30.0,100.0,0.51,0.51,0.51,0.51,0.0,1
33.3333,66.6667,66.6398,0.023,0.0536,-0.0305,0.359,55.5556,40.0,100.0,0.51,0.51,0.51,0.51,0.0,1
66.6667,88.8889,66.6398,0.0111,0.055,-0.0439,0.3374,66.6667,50.0,100.0,0.51,0.51,0.51,0.51,0.0,1
100.0,88.8889,66.6398,-0.0043,0.0533,-0.0577,0.3128,83.3333,60.0,100.0,0.51,0.51,0.51,0.51,0.0,1
100.0,66.6667,66.6398,-0.024,0.047,-0.071,0.2846,111.1111,70.0,100.0,0.51,0.51,0.51,0.51,0.0,1
66.6667,33.3333,66.6398,-0.0486,0.0341,-0.0827,0.2524,150.9135,80.0,100.0,0.51,0.51,0.51,0.51,0.0,1
33.3333,11.1111,66.6398,-0.0795,0.0118,-0.0913,0.2156,253.8226,90.0,100.0,0.51,0.51,0.51,0.51,2000.0,1
-0.0,0.0,31.7583,-0.1176,-0.0234,-0.0942,0.1735,-47.619,100.0,0.0,0.05,0.05,0.05,0.05,100.0,1
-0.0,0.0,31.7583,-0.1178,-0.0295,-0.0884,0.1912,-55.5556,100.0,10.0,0.05,0.05,0.05,0.05,200.0,1
-0.0,0.0,31.7583,-0.1163,-0.0353,-0.081,0.2113,-64.877,100.0,20.0,0.05,0.05,0.05,0.05,0.0,1
-0.0,6.1728,31.7583,-0.1127,-0.0406,-0.0722,0.2344,-70.8333,100.0,30.0,0.05,0.05,0.05,0.05,0.0,1
-0.0,13.5802,31.7583,-0.1065,-0.0445,-0.062,0.2607,-78.7623,100.0,40.0,0.05,0.05,0.05,0.05,0.0,1
18.5185,24.6914,31.7583,-0.097,-0.0461,-0.0509,0.2908,-88.4224,100.0,50.0,0.05,0.05,0.05,0.05,0.0,1
22.2222,23.4568,31.7583,-0.0835,-0.0441,-0.0394,0.3252,-106.4103,100.0,60.0,0.05,0.05,0.05,0.05,200.0,1
33.3333,19.7531,43.612,-0.065,-0.0366,-0.0284,0.3645,-59.8846,80.0,70.0,0.1,0.3,0.1,0.3,1000.0,-1
14.8148,8.642,22.8895,-0.0659,-0.0467,-0.0192,0.3737,-124.1218,90.0,80.0,0.2,0.2,0.1,0.1,700.0,1
11.1111,3.7037,27.4249,-0.0457,-0.0382,-0.0075,0.4128,-182.6923,100.0,90.0,0.05,0.2,0.05,0.2,9000.0,1
-0.0,0.0,0.9226,-0.0295,-0.0315,0.002,0.4432,-333.3333,100.0,100.0,0.5,0.5,0.05,0.05,200.0,-1
-0.0,0.0,65.7132,0.0069,-0.003,0.0099,0.4994,0.0,100.0,100.0,0.5,0.5,0.5,0.5,0.0,-1
-0.0,0.0,65.7132,0.0074,-0.0032,0.0106,0.4993,0.0,100.0,100.0,0.5,0.5,0.5,0.5,0.0,1
-0.0,0.0,65.7132,0.008,-0.0034,0.0114,0.4992,0.0,100.0,100.0,0.5,0.5,0.5,0.5,0.0,1
-0.0,0.0,65.7132,0.0086,-0.0036,0.0123,0.4991,0.0,100.0,100.0,0.5,0.5,0.5,0.5,0.0,1
-0.0,0.0,65.7132,0.0093,-0.0039,0.0132,0.499,0.0,100.0,100.0,0.5,0.5,0.5,0.5,0.0,1
-0.0,0.0,65.7132,0.01,-0.0041,0.0141,0.4989,0.0,100.0,100.0,0.5,0.5,0.5,0.5,0.0,1
-0.0,0.0,65.7132,0.0108,-0.0044,0.0152,0.4987,0.0,100.0,100.0,0.5,0.5,0.5,0.5,0.0,1
-0.0,0.0,65.7132,0.0116,-0.0046,0.0163,0.4985,0.0,100.0,100.0,0.5,0.5,0.5,0.5,0.0,1
-0.0,0.0,65.7132,0.0125,-0.0049,0.0174,0.4983,0.0,100.0,100.0,0.5,0.5,0.5,0.5,0.0,1
-0.0,0.0,65.7132,0.0134,-0.0052,0.0187,0.4981,0.0,100.0,100.0,0.5,0.5,0.5,0.5,0.0,1
-0.0,0.0,65.7132,0.0145,-0.0055,0.02,0.4978,0.0,100.0,100.0,0.5,0.5,0.5,0.5,0.0,1
-0.0,0.0,65.7132,0.0155,-0.0058,0.0213,0.4975,0.0,100.0,100.0,0.5,0.5,0.5,0.5,0.0,1
-0.0,0.0,65.7132,0.0167,-0.0061,0.0228,0.4971,0.0,100.0,100.0,0.5,0.5,0.5,0.5,0.0,1
-0.0,0.0,65.7132,0.0179,-0.0063,0.0243,0.4967,0.0,100.0,100.0,0.5,0.5,0.5,0.5,0.0,1
-0.0,0.0,65.7132,0.0193,-0.0066,0.0259,0.4962,0.0,100.0,100.0,0.5,0.5,0.5,0.5,0.0,1
-0.0,0.0,65.7132,0.0207,-0.0069,0.0275,0.4957,0.0,100.0,100.0,0.5,0.5,0.5,0.5,0.0,1
-0.0,0.0,65.7132,0.0221,-0.0071,0.0292,0.4951,0.0,100.0,100.0,0.5,0.5,0.5,0.5,0.0,1
-0.0,0.0,65.7132,0.0237,-0.0073,0.031,0.4944,0.0,100.0,100.0,0.5,0.5,0.5,0.5,0.0,1
-0.0,0.0,65.7132,0.0254,-0.0074,0.0328,0.4936,0.0,100.0,100.0,0.5,0.5,0.5,0.5,0.0,1
-0.0,0.0,65.7132,0.0272,-0.0075,0.0347,0.4927,0.0,100.0,100.0,0.5,0.5,0.5,0.5,0.0,1
-0.0,0.0,65.7132,0.029,-0.0076,0.0366,0.4916,0.0,100.0,100.0,0.5,0.5,0.5,0.5,0.0,1
-0.0,0.0,65.7132,0.0309,-0.0075,0.0384,0.4904,0.0,100.0,100.0,0.5,0.5,0.5,0.5,0.0,1
-0.0,0.0,65.7132,0.033,-0.0074,0.0403,0.4891,0.0,100.0,100.0,0.5,0.5,0.5,0.5,0.0,1
-0.0,0.0,65.7132,0.0351,-0.0071,0.0422,0.4875,0.0,100.0,100.0,0.5,0.5,0.5,0.5,0.0,1
-0.0,0.0,65.7132,0.0373,-0.0067,0.0439,0.4857,0.0,100.0,100.0,0.5,0.5,0.5,0.5,0.0,1
-0.0,0.0,65.7132,0.0395,-0.0061,0.0456,0.4837,0.0,100.0,100.0,0.5,0.5,0.5,0.5,0.0,1
-0.0,0.0,65.7132,0.0418,-0.0054,0.0471,0.4813,0.0,100.0,100.0,0.5,0.5,0.5,0.5,0.0,1
-0.0,0.0,65.7132,0.0441,-0.0044,0.0485,0.4787,0.0,100.0,100.0,0.5,0.5,0.5,0.5,0.0,1
-0.0,0.0,65.7132,0.0464,-0.0032,0.0496,0.4756,0.0,100.0,100.0,0.5,0.5,0.5,0.5,0.0,1
-0.0,0.0,65.7132,0.0486,-0.0017,0.0504,0.4721,0.0,100.0,100.0,0.5,0.5,0.5,0.5,0.0,1
-0.0,0.0,65.7132,0.0508,0.0,0.0508,0.4681,0.0,100.0,100.0,0.5,0.5,0.5,0.5,0.0,1
-0.0,0.0,65.7132,0.0529,0.0021,0.0508,0.4636,0.0,100.0,100.0,0.5,0.5,0.5,0.5,0.0,1
-0.0,0.0,65.7132,0.0547,0.0045,0.0502,0.4584,0.0,100.0,100.0,0.5,0.5,0.5,0.5,0.0,1
-0.0,0.0,65.7132,0.0563,0.0071,0.0491,0.4524,0.0,100.0,100.0,0.5,0.5,0.5,0.5,0.0,1
-0.0,0.0,65.7132,0.0574,0.0101,0.0474,0.4456,0.0,100.0,100.0,0.5,0.5,0.5,0.5,0.0,1
-0.0,0.0,65.7132,0.0581,0.0132,0.0448,0.4379,0.0,0.0,100.0,0.5,0.5,0.5,0.5,0.0,1
-0.0,0.0,65.7132,0.058,0.0165,0.0415,0.429,37.037,10.0,100.0,0.5,0.5,0.5,0.5,0.0,1
-0.0,11.1111,65.7132,0.0572,0.0198,0.0374,0.4188,41.6667,20.0,100.0,0.5,0.5,0.5,0.5,0.0,1
-0.0,33.3333,65.7132,0.0552,0.0228,0.0325,0.4073,47.619,30.0,100.0,0.5,0.5,0.5,0.5,0.0,1
33.3333,66.6667,65.7132,0.052,0.0252,0.0268,0.394,55.5556,40.0,100.0,0.5,0.5,0.5,0.5,0.0,1
66.6667,88.8889,65.7132,0.047,0.0266,0.0205,0.3789,63.7255,50.0,100.0,0.5,0.5,0.5,0.5,0.0,1
100.0,100.0,65.7132,0.04,0.0262,0.0138,0.3616,76.1905,60.0,100.0,0.5,0.5,0.5,0.5,0.0,1
100.0,88.8889,65.7132,0.0305,0.0232,0.0073,0.3418,76.1905,70.0,100.0,0.5,0.5,0.5,0.5,0.0,1
100.0,66.6667,65.7132,0.018,0.0165,0.0015,0.3192,76.1905,80.0,100.0,0.5,0.5,0.5,0.5,0.0,1
66.6667,33.3333,65.7132,0.0017,0.0043,-0.0026,0.2934,76.1905,90.0,100.0,0.5,0.5,0.5,0.5,0.0,1
33.3333,11.1111,65.7132,-0.0192,-0.0155,-0.0037,0.2638,28.5714,100.0,100.0,0.05,0.5,0.05,0.5,6200.0,1
0.0,0.0,23.5306,-0.0455,-0.0456,0.0001,0.2301,-66.6667,100.0,50.0,0.05,0.05,0.05,0.05,900.0,1
0.0,0.0,23.5306,-0.0326,-0.0442,0.0116,0.2558,-83.3333,100.0,60.0,0.05,0.05,0.05,0.05,0.0,1
0.0,0.0,23.5306,-0.0157,-0.0383,0.0226,0.2852,-111.1111,100.0,70.0,0.05,0.05,0.05,0.05,800.0,1
0.0,0.0,23.5306,0.0061,-0.026,0.0322,0.3188,-166.6667,100.0,80.0,0.05,0.05,0.05,0.05,0.0,1
0.0,0.0,23.5306,0.0339,-0.0047,0.0387,0.3572,-226.1905,100.0,90.0,0.05,0.05,0.05,0.05,11100.0,1
0.0,11.1111,86.0262,0.0689,0.029,0.0399,0.4011,41.6667,10.0,100.0,0.5,0.5,0.5,0.5,0.0,-1
0.0,33.3333,86.0262,0.0667,0.0341,0.0326,0.387,47.619,20.0,100.0,0.5,0.5,0.5,0.5,0.0,1
33.3333,66.6667,86.0262,0.0629,0.0388,0.0241,0.3708,55.5556,30.0,100.0,0.5,0.5,0.5,0.5,0.0,1
66.6667,88.8889,86.0262,0.0571,0.0428,0.0144,0.3524,66.6667,40.0,100.0,0.5,0.5,0.5,0.5,0.0,1
100.0,100.0,86.0262,0.049,0.0453,0.0037,0.3313,83.3333,50.0,100.0,0.5,0.5,0.5,0.5,0.0,1
100.0,100.0,86.0262,0.0379,0.0455,-0.0076,0.3072,111.1111,60.0,100.0,0.5,0.5,0.5,0.5,0.0,1
100.0,100.0,86.0262,0.0231,0.0421,-0.019,0.2797,166.6667,70.0,100.0,0.5,0.5,0.5,0.5,0.0,1
100.0,100.0,86.0262,0.0039,0.0335,-0.0295,0.2482,274.5098,80.0,100.0,0.5,0.5,0.5,0.5,2100.0,1
100.0,88.8889,61.6989,-0.0206,0.0173,-0.0379,0.2122,112.069,0.0,100.0,0.25,0.25,0.25,0.25,0.0,1
100.0,66.6667,61.6989,-0.0261,0.0161,-0.0422,0.2068,88.1543,10.0,100.0,0.25,0.25,0.15,0.25,20000.0,1
66.6667,38.8889,61.6989,-0.0328,0.0135,-0.0463,0.2006,191.6264,20.0,100.0,0.25,0.25,0.25,0.25,0.0,1
33.3333,25.9259,61.6989,-0.0409,0.0088,-0.0496,0.1936,111.1111,30.0,100.0,0.15,0.25,0.15,0.25,4000.0,1
16.6667,27.7778,29.4782,-0.0506,0.0012,-0.0518,0.1855,-49.5868,40.0,30.0,0.15,0.15,0.15,0.15,0.0,1
27.7778,33.3333,29.4782,-0.0521,0.0001,-0.0521,0.1906,-57.5326,50.0,40.0,0.15,0.15,0.15,0.15,0.0,1
38.8889,35.1852,29.4782,-0.0532,-0.001,-0.0522,0.1964,-67.6329,60.0,50.0,0.15,0.15,0.15,0.15,0.0,1
33.3333,29.6296,29.4782,-0.0538,-0.0019,-0.0519,0.2031,-82.2006,70.0,60.0,0.15,0.15,0.15,0.15,0.0,1
33.3333,33.3333,29.4782,-0.0539,-0.0024,-0.0514,0.2106,-68.4524,80.0,70.0,0.2,0.2,0.15,0.15,6000.0,-1
22.2222,44.4444,29.4782,-0.0531,-0.0023,-0.0508,0.2193,-128.5956,90.0,80.0,0.15,0.15,0.15,0.15,0.0,1
44.4444,70.3704,29.4782,-0.0514,-0.0012,-0.0503,0.2292,-188.1566,100.0,90.0,0.1,0.17,0.1,0.15,10100.0,1
66.6667,77.7778,29.4782,-0.0485,0.0015,-0.05,0.2405,-103.4483,100.0,0.0,0.25,0.25,0.15,0.15,10000.0,-1
100.0,66.6667,46.2134,-0.0441,0.0063,-0.0503,0.2534,96.7742,80.0,10.0,0.25,0.25,0.25,0.25,0.0,-1
66.6667,33.3333,46.2134,-0.048,0.0039,-0.0519,0.2539,62.5,90.0,0.0,0.25,0.25,0.25,0.25,0.0,1
33.3333,11.1111,46.2134,-0.0522,0.0006,-0.0529,0.2545,3.2051,100.0,10.0,0.2,0.25,0.2,0.25,3500.0,1
0.0,0.0,32.1791,-0.0569,-0.0039,-0.053,0.2551,-59.3607,100.0,20.0,0.2,0.2,0.2,0.2,0.0,1
0.0,0.0,32.1791,-0.057,-0.0049,-0.0521,0.263,-68.6275,100.0,30.0,0.2,0.2,0.2,0.2,0.0,1
0.0,3.7037,32.1791,-0.0562,-0.0054,-0.0509,0.272,-81.4815,100.0,40.0,0.2,0.2,0.2,0.2,300.0,1
0.0,7.4074,32.1791,-0.0544,-0.0049,-0.0495,0.2823,-102.7132,100.0,50.0,0.2,0.2,0.2,0.2,4000.0,1
11.1111,11.1111,32.1791,-0.0514,-0.0031,-0.0483,0.294,-139.6396,100.0,60.0,0.2,0.2,0.2,0.2,1000.0,1
11.1111,7.4074,32.1791,-0.0467,0.0008,-0.0475,0.3075,-178.3626,100.0,70.0,0.25,0.25,0.2,0.2,1000.0,-1
11.1111,3.7037,37.3596,-0.0401,0.0076,-0.0477,0.3228,-216.2162,100.0,80.0,0.3,0.3,0.2,0.25,3000.0,-1
0.0,11.1111,43.6899,-0.0361,0.0135,-0.0496,0.3332,-152.7778,100.0,90.0,0.3,0.3,0.3,0.3,12800.0,-1
0.0,33.3333,43.6899,-0.0357,0.0173,-0.053,0.338,-142.8571,100.0,0.0,0.35,0.35,0.3,0.3,10500.0,-1
33.3333,66.6667,50.6402,-0.0345,0.0228,-0.0573,0.3434,25.641,40.0,0.0,0.35,0.35,0.35,0.35,0.0,-1
66.6667,83.3333,50.6402,-0.0377,0.0253,-0.063,0.3425,-10.101,50.0,10.0,0.35,0.35,0.35,0.35,0.0,1
100.0,82.8283,50.6402,-0.0411,0.0282,-0.0693,0.3414,-24.6517,60.0,20.0,0.35,0.35,0.35,0.35,0.0,1
83.3333,60.101,50.6402,-0.045,0.0314,-0.0764,0.3402,-33.5097,70.0,0.0,0.35,0.35,0.35,0.35,0.0,1
65.1515,37.3737,50.6402,-0.0492,0.0351,-0.0843,0.3388,-46.2653,0.0,10.0,0.35,0.35,0.35,0.35,0.0,1
31.8182,15.6566,50.6402,-0.0539,0.0391,-0.093,0.3372,-55.8266,0.0,20.0,0.35,0.35,0.35,0.35,700.0,1
15.1515,11.7172,50.6402,-0.0591,0.0437,-0.1028,0.3353,-38.4762,10.0,30.0,0.3,0.35,0.3,0.35,2400.0,1
0.0,21.5873,46.5752,-0.0648,0.0489,-0.1137,0.3332,-31.8021,0.0,40.0,0.35,0.35,0.3,0.3,9700.0,1
20.0,44.4444,50.3037,-0.0662,0.0598,-0.126,0.338,6.7829,10.0,50.0,0.35,0.35,0.35,0.35,9000.0,-1
44.7619,65.0794,50.3037,-0.072,0.0689,-0.1409,0.3362,12.945,20.0,60.0,0.4,0.4,0.35,0.35,1000.0,-1
68.5714,80.3175,53.7917,-0.0784,0.0797,-0.1581,0.3343,40.5717,30.0,70.0,0.41,0.41,0.4,0.4,26300.0,-1
81.9048,82.5397,54.4716,-0.0905,0.0876,-0.1781,0.3249,51.5731,40.0,80.0,0.4,0.41,0.4,0.41,4000.0,1
90.4762,72.0635,53.9477,-0.1057,0.0943,-0.2,0.3127,58.2857,0.0,90.0,0.4,0.4,0.4,0.4,8500.0,1
75.2381,50.4762,60.1795,-0.1225,0.1011,-0.2235,0.3003,129.7348,10.0,100.0,0.5,0.5,0.5,0.5,39500.0,-1
50.4762,41.1111,60.1795,-0.1523,0.0965,-0.2488,0.2717,128.3784,20.0,100.0,0.25,0.5,0.25,0.5,165200.0,1
25.7143,48.254,43.9104,-0.1882,0.0848,-0.2729,0.2391,-20.0617,30.0,70.0,0.15,0.19,0.15,0.19,47000.0,1
47.1429,67.4603,43.9104,-0.1996,0.0945,-0.2941,0.2461,-6.7526,40.0,80.0,0.19,0.19,0.19,0.19,500.0,-1
71.9048,80.6349,43.9104,-0.2114,0.1064,-0.3178,0.2542,-1.5361,50.0,90.0,0.3,0.3,0.1,0.19,12400.0,-1
83.3333,83.3333,55.6793,-0.2233,0.1211,-0.3444,0.2633,206.5814,60.0,100.0,0.45,0.45,0.41,0.41,1800.0,-1
86.6667,75.5556,58.2333,-0.2577,0.117,-0.3746,0.2424,243.7811,70.0,0.0,0.1,0.45,0.1,0.45,49500.0,1
80.0,56.9444,38.5836,-0.3018,0.102,-0.4039,0.2127,-14.9254,80.0,10.0,0.2,0.2,0.14,0.14,4000.0,1
60.0,31.6667,42.0278,-0.3223,0.1071,-0.4294,0.2231,22.4451,90.0,20.0,0.17,0.2,0.15,0.2,3000.0,-1
30.8333,15.6197,39.6016,-0.3498,0.1064,-0.4561,0.2264,-38.0952,100.0,30.0,0.05,0.19,0.05,0.17,51900.0,1
4.1667,10.2991,28.8874,-0.3767,0.106,-0.4827,0.2344,-163.3142,100.0,40.0,0.05,0.05,0.05,0.05,500.0,1
11.859,15.5769,32.3282,-0.3935,0.1158,-0.5092,0.2608,-64.9065,40.0,50.0,0.15,0.15,0.12,0.13,12200.0,-1
14.8718,17.4359,33.2185,-0.4172,0.121,-0.5382,0.2795,-11.7253,50.0,60.0,0.2,0.2,0.15,0.15,1000.0,-1
20.0,27.0085,35.4128,-0.4435,0.1249,-0.5684,0.298,45.7516,60.0,70.0,0.2,0.2,0.2,0.2,10000.0,-1
17.4359,33.1624,34.6356,-0.4757,0.1239,-0.5996,0.312,23.1556,70.0,80.0,0.18,0.19,0.18,0.19,12000.0,1
43.5897,38.4615,31.6759,-0.5089,0.1217,-0.6306,0.3294,-41.9867,80.0,90.0,0.15,0.15,0.15,0.15,0.0,1
38.4615,23.9316,31.6759,-0.5397,0.1213,-0.6611,0.355,45.1547,90.0,100.0,0.18,0.7,0.15,0.15,22000.0,-1
33.3333,11.1111,32.5719,-0.5713,0.1201,-0.6914,0.3843,-54.778,100.0,20.0,0.12,0.18,0.05,0.18,8100.0,1
0.0,0.0,30.2027,-0.6063,0.1152,-0.7214,0.4135,-51.2821,10.0,30.0,0.14,0.14,0.14,0.14,0.0,1
0.0,2.6263,30.2027,-0.638,0.1122,-0.7502,0.4526,-55.9072,20.0,40.0,0.14,0.14,0.14,0.14,0.0,1
0.0,14.1414,30.2027,-0.6693,0.109,-0.7783,0.4972,-60.8035,30.0,50.0,0.14,0.14,0.14,0.14,0.0,1
7.8788,34.5455,30.2027,-0.6995,0.106,-0.8055,0.5483,-69.9018,40.0,60.0,0.15,0.15,0.14,0.14,300.0,-1
34.5455,60.4714,30.3778,-0.7278,0.1042,-0.832,0.6066,-78.1893,50.0,0.0,0.15,0.15,0.15,0.15,9100.0,-1
61.2121,68.6195,31.1914,-0.7544,0.1036,-0.858,0.6718,-58.0357,60.0,0.0,0.21,0.21,0.2,0.2,10300.0,-1
85.6566,58.9899,36.672,-0.7825,0.1015,-0.884,0.7392,57.7281,70.0,10.0,0.51,0.51,0.51,0.51,0.0,-1
58.9899,30.4377,36.672,-0.8385,0.0708,-0.9093,0.772,59.9183,80.0,20.0,0.62,0.62,0.51,0.51,5300.0,-1
32.3232,10.7744,32.9796,-0.8978,0.0292,-0.927,0.8094,-23.155,90.0,30.0,0.15,0.4,0.15,0.39,22400.0,1
0.0,0.0,22.0755,-0.9482,-0.0139,-0.9343,0.8693,-100.0,100.0,0.0,0.2,0.2,0.07,0.07,15000.0,1
0.0,0.0,23.4717,-0.9662,-0.0353,-0.9309,0.9835,-91.7342,100.0,10.0,0.2,0.2,0.2,0.2,0.0,-1
0.0,2.2876,23.4717,-0.9883,-0.0663,-0.922,1.0954,-88.477,100.0,20.0,0.2,0.2,0.2,0.2,0.0,1
0.0,7.451,23.4717,-1.0022,-0.0967,-0.9054,1.2233,-79.8109,100.0,30.0,0.2,0.39,0.2,0.2,3300.0,1
6.8627,13.9216,23.4717,-1.0053,-0.124,-0.8813,1.3695,-84.7458,100.0,40.0,0.36,0.4,0.2,0.2,71700.0,-1
15.4902,17.1242,24.7351,-0.9946,-0.1444,-0.8503,1.5366,-75.4458,50.0,50.0,0.65,0.65,0.36,0.36,31400.0,-1
19.4118,16.2092,27.1158,-0.9828,-0.1687,-0.8142,1.7047,-57.0412,60.0,60.0,1.05,1.05,0.65,0.65,5500.0,-1
16.4706,12.6797,27.8649,-0.983,-0.211,-0.772,1.8554,-83.8535,70.0,70.0,0.5,0.74,0.5,0.74,15700.0,1
12.7451,8.8235,22.7425,-0.9782,-0.2589,-0.7192,2.0147,-130.9524,80.0,80.0,0.5,0.5,0.5,0.5,700.0,1
8.8235,4.5752,22.7425,-0.9333,-0.2788,-0.6545,2.2311,-200.0,90.0,90.0,0.55,0.65,0.5,0.5,22000.0,-1
4.902,1.634,23.0184,-0.8624,-0.2776,-0.5848,2.4784,-333.3333,100.0,100.0,2.0,2.0,0.3,0.55,155900.0,-1
0.0,0.0,33.6799,-0.7645,-0.2491,-0.5154,2.7539,37.037,10.0,100.0,2.0,2.0,2.0,2.0,0.0,-1
0.0,11.1111,33.6799,-0.776,-0.3229,-0.4532,2.8616,41.6667,20.0,100.0,2.0,2.0,2.0,2.0,0.0,1
0.0,33.3333,33.6799,-0.7795,-0.407,-0.3724,2.9846,47.619,30.0,100.0,2.0,2.0,2.0,2.0,0.0,1
33.3333,66.6667,33.6799,-0.7725,-0.5019,-0.2707,3.1253,55.5556,40.0,100.0,2.0,2.0,2.0,2.0,0.0,1
66.6667,88.8889,33.6799,-0.7525,-0.6072,-0.1452,3.2861,63.7255,50.0,0.0,2.0,2.0,2.0,2.0,0.0,1
100.0,100.0,33.6799,-0.7159,-0.7225,0.0066,3.4698,21.5264,60.0,10.0,2.0,2.0,2.0,2.0,0.0,1
100.0,88.8889,33.6799,-0.6588,-0.846,0.1872,3.6797,-22.7882,70.0,20.0,2.0,2.0,2.0,2.0,0.0,1
100.0,66.6667,33.6799,-0.5763,-0.975,0.3987,3.9197,-33.833,80.0,30.0,2.0,2.0,2.0,2.0,0.0,1
66.6667,33.3333,33.6799,-0.4626,-1.1051,0.6424,4.1939,-42.2631,90.0,40.0,2.0,2.0,2.0,2.0,0.0,1
33.3333,11.1111,33.6799,-0.3108,-1.2295,0.9187,4.5074,-55.259,100.0,50.0,0.96,2.0,0.96,2.0,1600.0,1
0.0,0.0,24.9913,-0.1126,-1.3387,1.2261,4.8656,-76.1905,100.0,60.0,0.96,0.96,0.96,0.96,500.0,1
0.0,0.0,24.9913,0.248,-1.3128,1.5608,5.4235,-95.9596,100.0,70.0,0.96,0.96,0.96,0.96,0.0,1
0.0,0.0,24.9913,0.7046,-1.1843,1.889,6.0611,-130.9524,100.0,80.0,0.96,0.96,0.96,0.96,0.0,1
0.0,0.0,24.9913,1.2772,-0.9078,2.185,6.7899,-208.3333,100.0,90.0,0.96,0.96,0.96,0.96,0.0,1
0.0,0.0,24.9913,1.9895,-0.4225,2.412,7.6227,-333.3333,100.0,100.0,11.0,11.0,0.96,0.96,1000.0,-1
0.0,0.0,98.7081,2.8696,0.352,2.5176,8.5745,0.0,0.0,100.0,11.0,11.0,11.0,11.0,0.0,-1
0.0,0.0,98.7081,2.929,0.4993,2.4296,8.228,37.037,0.0,100.0,11.0,11.0,11.0,11.0,0.0,1
0.0,11.1111,98.7081,2.9622,0.6574,2.3048,7.8321,41.6667,0.0,100.0,11.0,11.0,11.0,11.0,0.0,1
0.0,33.3333,98.7081,2.9614,0.821,2.1404,7.3795,47.619,10.0,100.0,11.0,11.0,11.0,11.0,0.0,1
33.3333,66.6667,98.7081,2.9174,0.9822,1.9352,6.8623,54.6829,20.0,100.0,11.0,11.0,11.0,11.0,0.0,1
66.6667,88.8889,98.7081,2.8188,1.1292,1.6896,6.2712,62.675,30.0,100.0,11.0,11.0,11.0,11.0,0.0,1
100.0,100.0,98.7081,2.652,1.2446,1.4073,5.5956,74.8539,40.0,100.0,11.0,11.0,11.0,11.0,0.0,1
100.0,93.1129,98.7081,2.4005,1.3043,1.0962,4.8236,94.0728,50.0,100.0,11.0,11.0,11.0,11.0,0.0,1
100.0,75.1148,98.7081,2.0445,1.2744,0.7701,3.9412,127.8103,60.0,100.0,11.0,11.0,11.0,11.0,0.0,1
79.3388,46.0055,98.7081,1.5604,1.1089,0.4515,2.9328,197.9131,70.0,100.0,11.0,11.0,11.0,11.0,0.0,1
46.0055,19.5592,98.7081,0.9198,0.7456,0.1743,1.7804,279.4419,80.0,100.0,5.0,11.0,2.0,11.0,5000.0,1
12.6722,4.2241,92.4114,0.0889,0.101,-0.0121,0.4633,322.542,90.0,100.0,0.51,5.0,0.51,2.0,22400.0,1
0.0,-0.0,26.4395,-0.0567,-0.0193,-0.0373,0.2438,-47.619,100.0,30.0,0.16,0.16,0.16,0.16,0.0,1
0.0,-0.0,26.4395,-0.0543,-0.0218,-0.0325,0.2557,-55.5556,100.0,40.0,0.16,0.16,0.16,0.16,2700.0,1
0.0,-0.0,26.4395,-0.0504,-0.0233,-0.0271,0.2694,-63.7255,100.0,50.0,0.16,0.16,0.16,0.16,0.0,1
0.0,-0.0,26.4395,-0.0447,-0.0235,-0.0212,0.285,-76.6169,100.0,60.0,0.16,0.16,0.16,0.16,0.0,1
0.0,11.1111,26.4395,-0.0369,-0.0215,-0.0154,0.3029,-90.7104,100.0,70.0,0.16,0.16,0.16,0.16,0.0,1
0.0,33.3333,26.4395,-0.0263,-0.0163,-0.01,0.3233,-107.8788,100.0,80.0,0.16,0.16,0.16,0.16,0.0,1
33.3333,66.6667,26.4395,-0.0124,-0.0065,-0.0059,0.3466,-129.2517,100.0,90.0,0.16,0.16,0.16,0.16,0.0,1
66.6667,88.8889,26.4395,0.0055,0.0098,-0.0043,0.3733,-79.0698,100.0,100.0,0.51,0.51,0.16,0.16,800.0,-1
100.0,100.0,91.754,0.0283,0.035,-0.0067,0.4038,76.1905,60.0,100.0,0.51,0.51,0.51,0.51,0.0,-1
100.0,88.8889,91.754,0.0213,0.0367,-0.0154,0.3886,95.9596,70.0,100.0,0.51,0.51,0.51,0.51,0.0,1
100.0,66.6667,91.754,0.0121,0.0367,-0.0246,0.3713,130.9524,80.0,100.0,0.51,0.51,0.51,0.51,0.0,1
66.6667,33.3333,91.754,0.0001,0.0339,-0.0338,0.3514,208.3333,90.0,100.0,0.51,0.51,0.51,0.51,0.0,1
33.3333,11.1111,91.754,-0.0151,0.0272,-0.0423,0.3288,333.3333,100.0,100.0,0.3,0.51,0.3,0.51,1400.0,1
0.0,0.0,33.9123,-0.0344,0.0147,-0.0491,0.3029,66.6667,100.0,100.0,0.3,0.3,0.3,0.3,0.0,1
0.0,0.0,33.9123,-0.037,0.0157,-0.0528,0.3033,66.6667,100.0,100.0,0.3,0.3,0.3,0.3,0.0,1
0.0,0.0,33.9123,-0.0399,0.0168,-0.0567,0.3038,66.6667,100.0,100.0,0.3,0.3,0.3,0.3,0.0,1
0.0,0.0,33.9123,-0.043,0.0179,-0.0609,0.3043,66.6667,100.0,100.0,0.3,0.3,0.3,0.3,0.0,1
0.0,0.0,33.9123,-0.0463,0.0191,-0.0654,0.3049,66.6667,100.0,100.0,0.3,0.3,0.3,0.3,0.0,1
0.0,0.0,33.9123,-0.0499,0.0203,-0.0701,0.3056,66.6667,100.0,100.0,0.3,0.3,0.3,0.3,0.0,1
0.0,0.0,33.9123,-0.0537,0.0215,-0.0752,0.3064,66.6667,100.0,100.0,0.3,0.3,0.3,0.3,0.0,1
0.0,0.0,33.9123,-0.0578,0.0228,-0.0806,0.3074,66.6667,100.0,100.0,0.3,0.3,0.3,0.3,0.0,1
0.0,0.0,33.9123,-0.0621,0.0241,-0.0863,0.3084,66.6667,100.0,100.0,0.3,0.3,0.3,0.3,400.0,1
0.0,0.0,33.9123,-0.0668,0.0255,-0.0923,0.3096,66.6667,100.0,100.0,0.3,0.3,0.3,0.3,1100.0,1
0.0,0.0,33.9123,-0.0718,0.0269,-0.0987,0.311,66.6667,100.0,100.0,0.3,0.3,0.3,0.3,0.0,1
0.0,0.0,33.9123,-0.0771,0.0282,-0.1054,0.3126,66.6667,100.0,100.0,0.3,0.3,0.3,0.3,0.0,1
0.0,0.0,33.9123,-0.0828,0.0296,-0.1125,0.3144,66.6667,100.0,100.0,0.3,0.3,0.3,0.3,200.0,1
0.0,0.0,33.9123,-0.0889,0.0309,-0.1199,0.3164,66.6667,100.0,100.0,0.3,0.3,0.3,0.3,0.0,1
0.0,0.0,33.9123,-0.0954,0.0322,-0.1276,0.3188,66.6667,100.0,100.0,0.3,0.3,0.3,0.3,0.0,1
0.0,0.0,33.9123,-0.1022,0.0335,-0.1356,0.3214,66.6667,100.0,100.0,0.3,0.3,0.3,0.3,0.0,1
0.0,0.0,33.9123,-0.1094,0.0346,-0.144,0.3245,66.6667,100.0,100.0,0.3,0.3,0.3,0.3,0.0,1
0.0,0.0,33.9123,-0.1171,0.0356,-0.1527,0.328,66.6667,100.0,100.0,0.3,0.3,0.3,0.3,0.0,1
0.0,0.0,33.9123,-0.1252,0.0364,-0.1615,0.332,66.6667,100.0,100.0,0.3,0.3,0.3,0.3,200.0,1
0.0,0.0,33.9123,-0.1336,0.037,-0.1706,0.3366,66.6667,100.0,100.0,0.3,0.3,0.3,0.3,0.0,1
0.0,0.0,33.9123,-0.1425,0.0374,-0.1799,0.3418,66.6667,100.0,100.0,0.3,0.3,0.3,0.3,0.0,1
0.0,0.0,33.9123,-0.1518,0.0375,-0.1893,0.3478,66.6667,100.0,100.0,0.3,0.3,0.3,0.3,0.0,1
0.0,0.0,33.9123,-0.1614,0.0373,-0.1986,0.3546,66.6667,100.0,100.0,0.3,0.3,0.3,0.3,0.0,1
0.0,0.0,33.9123,-0.1713,0.0367,-0.2079,0.3624,66.6667,100.0,100.0,0.3,0.3,0.3,0.3,0.0,1
0.0,0.0,33.9123,-0.1814,0.0357,-0.2171,0.3713,66.6667,100.0,100.0,0.3,0.3,0.3,0.3,0.0,1
0.0,0.0,33.9123,-0.1917,0.0343,-0.226,0.3815,66.6667,100.0,100.0,0.3,0.3,0.3,0.3,0.0,1
0.0,0.0,33.9123,-0.2021,0.0325,-0.2346,0.3931,66.6667,100.0,100.0,0.3,0.3,0.3,0.3,0.0,1
0.0,0.0,33.9123,-0.2124,0.0303,-0.2427,0.4064,66.6667,100.0,0.0,0.3,0.3,0.3,0.3,0.0,1
0.0,0.0,33.9123,-0.2225,0.0278,-0.2503,0.4216,-37.037,100.0,10.0,0.3,0.3,0.3,0.3,0.0,1
0.0,0.0,33.9123,-0.2321,0.0251,-0.2573,0.439,-41.6667,100.0,20.0,0.3,0.3,0.3,0.3,0.0,1
0.0,0.0,33.9123,-0.2411,0.0225,-0.2635,0.4589,-47.619,100.0,30.0,0.3,0.3,0.3,0.3,0.0,1
0.0,0.0,33.9123,-0.2489,0.0202,-0.2692,0.4816,-55.5556,100.0,40.0,0.3,0.3,0.3,0.3,0.0,1
0.0,0.0,33.9123,-0.2553,0.0189,-0.2742,0.5075,-55.5556,100.0,0.0,0.3,0.3,0.3,0.3,3200.0,1
0.0,11.1111,33.9123,-0.2598,0.0191,-0.2789,0.5371,-65.7182,100.0,10.0,0.3,0.3,0.3,0.3,0.0,1
0.0,32.0988,33.9123,-0.2618,0.0219,-0.2837,0.571,-77.9874,100.0,20.0,0.3,0.3,0.3,0.3,0.0,1
33.3333,62.963,33.9123,-0.2604,0.0288,-0.2892,0.6097,-97.9248,100.0,30.0,0.3,0.3,0.3,0.3,0.0,1
62.963,81.4815,33.9123,-0.2549,0.0415,-0.2964,0.654,-132.2379,100.0,40.0,0.3,0.3,0.3,0.3,900.0,1
92.5926,80.2469,46.5127,-0.2442,0.0625,-0.3067,0.7046,55.5556,70.0,50.0,0.7,0.7,0.7,0.7,0.0,-1
88.8889,59.2593,46.5127,-0.2677,0.0547,-0.3224,0.7052,66.6667,80.0,60.0,0.7,0.7,0.7,0.7,0.0,1
59.2593,40.7407,46.5127,-0.2938,0.0422,-0.336,0.706,81.1594,90.0,70.0,0.7,0.7,0.7,0.7,100.0,1
29.6296,43.2099,46.5127,-0.3228,0.0238,-0.3466,0.7068,21.6049,100.0,80.0,0.3,0.7,0.3,0.7,1000.0,1
33.3333,66.6667,29.2703,-0.3552,-0.0027,-0.3525,0.7078,-144.3167,100.0,90.0,0.3,0.3,0.3,0.3,500.0,1
66.6667,77.7778,29.2703,-0.3506,0.0013,-0.3519,0.766,-72.0391,100.0,100.0,0.75,0.75,0.3,0.3,500.0,-1
100.0,66.6667,41.445,-0.3397,0.0125,-0.3522,0.8326,150.3268,80.0,0.0,0.75,0.75,0.75,0.75,0.0,-1
66.6667,33.3333,41.445,-0.3666,-0.0112,-0.3553,0.8444,168.0912,90.0,10.0,0.75,0.75,0.75,0.75,0.0,1
33.3333,11.1111,41.445,-0.3956,-0.0431,-0.3525,0.8579,12.7827,100.0,20.0,0.3,0.75,0.3,0.75,100.0,1
-0.0,-0.0,15.9635,-0.4268,-0.0851,-0.3417,0.8733,-97.9619,100.0,0.0,0.51,0.51,0.3,0.3,2700.0,1
-0.0,-0.0,19.5337,-0.4147,-0.0942,-0.3205,0.9552,-58.5048,100.0,0.0,0.51,0.51,0.51,0.51,0.0,-1
-0.0,-0.0,19.5337,-0.4146,-0.1176,-0.2969,1.0188,-66.6484,100.0,0.0,0.51,0.51,0.51,0.51,0.0,1
-0.0,-0.0,19.5337,-0.4084,-0.1409,-0.2675,1.0915,-77.5785,100.0,10.0,0.51,0.51,0.51,0.51,0.0,1
-0.0,-0.0,19.5337,-0.3945,-0.1622,-0.2323,1.1746,-93.1734,100.0,20.0,0.51,0.51,0.51,0.51,0.0,1
-0.0,-0.0,19.5337,-0.3711,-0.1794,-0.1917,1.2695,-97.6684,100.0,0.0,0.55,0.55,0.51,0.51,17500.0,-1
-0.0,-0.0,20.0378,-0.3358,-0.1889,-0.1469,1.378,-106.8075,100.0,10.0,0.55,0.55,0.55,0.55,100.0,-1
-0.0,-0.0,20.0378,-0.29,-0.1903,-0.0997,1.4963,-105.5367,100.0,20.0,1.0,1.0,0.55,0.55,200.0,-1
-0.0,-0.0,26.1979,-0.2272,-0.1752,-0.0521,1.6315,-87.963,100.0,30.0,1.0,1.0,1.0,1.0,0.0,-1
-0.0,9.4444,26.1979,-0.1897,-0.1814,-0.0083,1.7217,-111.7705,100.0,40.0,1.0,1.0,1.0,1.0,0.0,1
-0.0,28.3333,26.1979,-0.139,-0.176,0.037,1.8248,-148.6898,100.0,50.0,1.15,1.15,1.0,1.0,2500.0,-1
28.3333,56.6667,28.313,-0.0722,-0.1533,0.0811,1.9427,-197.9823,100.0,60.0,1.25,1.25,1.15,1.15,500.0,-1
56.6667,77.2222,29.7543,-0.0013,-0.1207,0.1194,2.0559,-243.8272,100.0,70.0,2.1,2.1,1.25,1.25,1100.0,-1
85.0,90.0,48.733,0.0791,-0.0704,0.1495,2.1711,-15.873,80.0,0.0,2.1,2.1,2.1,2.1,0.0,-1
90.0,95.0,48.733,0.094,-0.0731,0.1671,2.1812,-25.641,90.0,10.0,2.1,2.1,2.1,2.1,200.0,1
95.0,88.1481,48.733,0.1117,-0.0737,0.1854,2.1928,-179.798,100.0,20.0,2.25,2.25,1.25,2.1,1800.0,-1
